id,label,dataset_index,split
sample_000063,Bà Nà Hills - Cầu Vàng,63,train
sample_000027,Bà Nà Hills - Cầu Vàng,27,train
sample_000028,Bà Nà Hills - Cầu Vàng,28,train
sample_000000,Bà Nà Hills - Cầu Vàng,0,train
sample_000105,Bà Nà Hills - Cầu Vàng,105,train
sample_000056,Bà Nà Hills - Cầu Vàng,56,train
sample_000050,Bà Nà Hills - Cầu Vàng,50,train
sample_000102,Bà Nà Hills - Cầu Vàng,102,train
sample_000073,Bà Nà Hills - Cầu Vàng,73,train
sample_000051,Bà Nà Hills - Cầu Vàng,51,train
sample_000093,Bà Nà Hills - Cầu Vàng,93,train
sample_000024,Bà Nà Hills - Cầu Vàng,24,train
sample_000052,Bà Nà Hills - Cầu Vàng,52,train
sample_000020,Bà Nà Hills - Cầu Vàng,20,train
sample_000076,Bà Nà Hills - Cầu Vàng,76,train
sample_000002,Bà Nà Hills - Cầu Vàng,2,train
sample_000108,Bà Nà Hills - Cầu Vàng,108,train
sample_000107,Bà Nà Hills - Cầu Vàng,107,train
sample_000087,Bà Nà Hills - Cầu Vàng,87,train
sample_000037,Bà Nà Hills - Cầu Vàng,37,train
sample_000018,Bà Nà Hills - Cầu Vàng,18,train
sample_000100,Bà Nà Hills - Cầu Vàng,100,train
sample_000025,Bà Nà Hills - Cầu Vàng,25,train
sample_000094,Bà Nà Hills - Cầu Vàng,94,train
sample_000113,Bà Nà Hills - Cầu Vàng,113,train
sample_000111,Bà Nà Hills - Cầu Vàng,111,train
sample_000075,Bà Nà Hills - Cầu Vàng,75,train
sample_000004,Bà Nà Hills - Cầu Vàng,4,train
sample_000078,Bà Nà Hills - Cầu Vàng,78,train
sample_000033,Bà Nà Hills - Cầu Vàng,33,train
sample_000021,Bà Nà Hills - Cầu Vàng,21,train
sample_000091,Bà Nà Hills - Cầu Vàng,91,train
sample_000045,Bà Nà Hills - Cầu Vàng,45,train
sample_000046,Bà Nà Hills - Cầu Vàng,46,train
sample_000038,Bà Nà Hills - Cầu Vàng,38,train
sample_000084,Bà Nà Hills - Cầu Vàng,84,train
sample_000090,Bà Nà Hills - Cầu Vàng,90,train
sample_000007,Bà Nà Hills - Cầu Vàng,7,train
sample_000071,Bà Nà Hills - Cầu Vàng,71,train
sample_000070,Bà Nà Hills - Cầu Vàng,70,train
sample_000026,Bà Nà Hills - Cầu Vàng,26,train
sample_000068,Bà Nà Hills - Cầu Vàng,68,train
sample_000099,Bà Nà Hills - Cầu Vàng,99,train
sample_000083,Bà Nà Hills - Cầu Vàng,83,train
sample_000010,Bà Nà Hills - Cầu Vàng,10,train
sample_000029,Bà Nà Hills - Cầu Vàng,29,train
sample_000088,Bà Nà Hills - Cầu Vàng,88,train
sample_000059,Bà Nà Hills - Cầu Vàng,59,train
sample_000055,Bà Nà Hills - Cầu Vàng,55,train
sample_000017,Bà Nà Hills - Cầu Vàng,17,train
sample_000039,Bà Nà Hills - Cầu Vàng,39,train
sample_000069,Bà Nà Hills - Cầu Vàng,69,train
sample_000104,Bà Nà Hills - Cầu Vàng,104,train
sample_000040,Bà Nà Hills - Cầu Vàng,40,train
sample_000092,Bà Nà Hills - Cầu Vàng,92,train
sample_000042,Bà Nà Hills - Cầu Vàng,42,train
sample_000089,Bà Nà Hills - Cầu Vàng,89,train
sample_000005,Bà Nà Hills - Cầu Vàng,5,train
sample_000080,Bà Nà Hills - Cầu Vàng,80,train
sample_000001,Bà Nà Hills - Cầu Vàng,1,train
sample_000079,Bà Nà Hills - Cầu Vàng,79,train
sample_000110,Bà Nà Hills - Cầu Vàng,110,train
sample_000081,Bà Nà Hills - Cầu Vàng,81,train
sample_000003,Bà Nà Hills - Cầu Vàng,3,train
sample_000096,Bà Nà Hills - Cầu Vàng,96,train
sample_000106,Bà Nà Hills - Cầu Vàng,106,train
sample_000043,Bà Nà Hills - Cầu Vàng,43,train
sample_000086,Bà Nà Hills - Cầu Vàng,86,train
sample_000032,Bà Nà Hills - Cầu Vàng,32,train
sample_000023,Bà Nà Hills - Cầu Vàng,23,train
sample_000048,Bà Nà Hills - Cầu Vàng,48,train
sample_000031,Bà Nà Hills - Cầu Vàng,31,train
sample_000095,Bà Nà Hills - Cầu Vàng,95,train
sample_000058,Bà Nà Hills - Cầu Vàng,58,train
sample_000054,Bà Nà Hills - Cầu Vàng,54,train
sample_000011,Bà Nà Hills - Cầu Vàng,11,train
sample_000019,Bà Nà Hills - Cầu Vàng,19,train
sample_000012,Bà Nà Hills - Cầu Vàng,12,train
sample_000066,Bà Nà Hills - Cầu Vàng,66,train
sample_000077,Bà Nà Hills - Cầu Vàng,77,train
sample_000373,Bưu Điện Sài Gòn,373,train
sample_000254,Bưu Điện Sài Gòn,254,train
sample_000307,Bưu Điện Sài Gòn,307,train
sample_000338,Bưu Điện Sài Gòn,338,train
sample_000331,Bưu Điện Sài Gòn,331,train
sample_000319,Bưu Điện Sài Gòn,319,train
sample_000384,Bưu Điện Sài Gòn,384,train
sample_000239,Bưu Điện Sài Gòn,239,train
sample_000289,Bưu Điện Sài Gòn,289,train
sample_000258,Bưu Điện Sài Gòn,258,train
sample_000261,Bưu Điện Sài Gòn,261,train
sample_000415,Bưu Điện Sài Gòn,415,train
sample_000255,Bưu Điện Sài Gòn,255,train
sample_000404,Bưu Điện Sài Gòn,404,train
sample_000336,Bưu Điện Sài Gòn,336,train
sample_000265,Bưu Điện Sài Gòn,265,train
sample_000381,Bưu Điện Sài Gòn,381,train
sample_000370,Bưu Điện Sài Gòn,370,train
sample_000410,Bưu Điện Sài Gòn,410,train
sample_000295,Bưu Điện Sài Gòn,295,train
sample_000412,Bưu Điện Sài Gòn,412,train
sample_000405,Bưu Điện Sài Gòn,405,train
sample_000312,Bưu Điện Sài Gòn,312,train
sample_000242,Bưu Điện Sài Gòn,242,train
sample_000339,Bưu Điện Sài Gòn,339,train
sample_000251,Bưu Điện Sài Gòn,251,train
sample_000328,Bưu Điện Sài Gòn,328,train
sample_000290,Bưu Điện Sài Gòn,290,train
sample_000304,Bưu Điện Sài Gòn,304,train
sample_000244,Bưu Điện Sài Gòn,244,train
sample_000275,Bưu Điện Sài Gòn,275,train
sample_000296,Bưu Điện Sài Gòn,296,train
sample_000241,Bưu Điện Sài Gòn,241,train
sample_000356,Bưu Điện Sài Gòn,356,train
sample_000382,Bưu Điện Sài Gòn,382,train
sample_000281,Bưu Điện Sài Gòn,281,train
sample_000300,Bưu Điện Sài Gòn,300,train
sample_000309,Bưu Điện Sài Gòn,309,train
sample_000285,Bưu Điện Sài Gòn,285,train
sample_000277,Bưu Điện Sài Gòn,277,train
sample_000395,Bưu Điện Sài Gòn,395,train
sample_000314,Bưu Điện Sài Gòn,314,train
sample_000263,Bưu Điện Sài Gòn,263,train
sample_000310,Bưu Điện Sài Gòn,310,train
sample_000288,Bưu Điện Sài Gòn,288,train
sample_000374,Bưu Điện Sài Gòn,374,train
sample_000400,Bưu Điện Sài Gòn,400,train
sample_000274,Bưu Điện Sài Gòn,274,train
sample_000355,Bưu Điện Sài Gòn,355,train
sample_000279,Bưu Điện Sài Gòn,279,train
sample_000354,Bưu Điện Sài Gòn,354,train
sample_000303,Bưu Điện Sài Gòn,303,train
sample_000377,Bưu Điện Sài Gòn,377,train
sample_000358,Bưu Điện Sài Gòn,358,train
sample_000308,Bưu Điện Sài Gòn,308,train
sample_000341,Bưu Điện Sài Gòn,341,train
sample_000245,Bưu Điện Sài Gòn,245,train
sample_000376,Bưu Điện Sài Gòn,376,train
sample_000321,Bưu Điện Sài Gòn,321,train
sample_000256,Bưu Điện Sài Gòn,256,train
sample_000378,Bưu Điện Sài Gòn,378,train
sample_000418,Bưu Điện Sài Gòn,418,train
sample_000394,Bưu Điện Sài Gòn,394,train
sample_000350,Bưu Điện Sài Gòn,350,train
sample_000366,Bưu Điện Sài Gòn,366,train
sample_000348,Bưu Điện Sài Gòn,348,train
sample_000335,Bưu Điện Sài Gòn,335,train
sample_000417,Bưu Điện Sài Gòn,417,train
sample_000293,Bưu Điện Sài Gòn,293,train
sample_000324,Bưu Điện Sài Gòn,324,train
sample_000301,Bưu Điện Sài Gòn,301,train
sample_000368,Bưu Điện Sài Gòn,368,train
sample_000292,Bưu Điện Sài Gòn,292,train
sample_000340,Bưu Điện Sài Gòn,340,train
sample_000362,Bưu Điện Sài Gòn,362,train
sample_000282,Bưu Điện Sài Gòn,282,train
sample_000396,Bưu Điện Sài Gòn,396,train
sample_000269,Bưu Điện Sài Gòn,269,train
sample_000388,Bưu Điện Sài Gòn,388,train
sample_000343,Bưu Điện Sài Gòn,343,train
sample_000411,Bưu Điện Sài Gòn,411,train
sample_000286,Bưu Điện Sài Gòn,286,train
sample_000297,Bưu Điện Sài Gòn,297,train
sample_000246,Bưu Điện Sài Gòn,246,train
sample_000266,Bưu Điện Sài Gòn,266,train
sample_000240,Bưu Điện Sài Gòn,240,train
sample_000383,Bưu Điện Sài Gòn,383,train
sample_000299,Bưu Điện Sài Gòn,299,train
sample_000323,Bưu Điện Sài Gòn,323,train
sample_000342,Bưu Điện Sài Gòn,342,train
sample_000385,Bưu Điện Sài Gòn,385,train
sample_000317,Bưu Điện Sài Gòn,317,train
sample_000403,Bưu Điện Sài Gòn,403,train
sample_000349,Bưu Điện Sài Gòn,349,train
sample_000392,Bưu Điện Sài Gòn,392,train
sample_000399,Bưu Điện Sài Gòn,399,train
sample_000276,Bưu Điện Sài Gòn,276,train
sample_000337,Bưu Điện Sài Gòn,337,train
sample_000273,Bưu Điện Sài Gòn,273,train
sample_000302,Bưu Điện Sài Gòn,302,train
sample_000406,Bưu Điện Sài Gòn,406,train
sample_000416,Bưu Điện Sài Gòn,416,train
sample_000329,Bưu Điện Sài Gòn,329,train
sample_000259,Bưu Điện Sài Gòn,259,train
sample_000270,Bưu Điện Sài Gòn,270,train
sample_000262,Bưu Điện Sài Gòn,262,train
sample_000272,Bưu Điện Sài Gòn,272,train
sample_000247,Bưu Điện Sài Gòn,247,train
sample_000284,Bưu Điện Sài Gòn,284,train
sample_000401,Bưu Điện Sài Gòn,401,train
sample_000398,Bưu Điện Sài Gòn,398,train
sample_000305,Bưu Điện Sài Gòn,305,train
sample_000365,Bưu Điện Sài Gòn,365,train
sample_000243,Bưu Điện Sài Gòn,243,train
sample_000332,Bưu Điện Sài Gòn,332,train
sample_000363,Bưu Điện Sài Gòn,363,train
sample_000393,Bưu Điện Sài Gòn,393,train
sample_000364,Bưu Điện Sài Gòn,364,train
sample_000369,Bưu Điện Sài Gòn,369,train
sample_000353,Bưu Điện Sài Gòn,353,train
sample_000313,Bưu Điện Sài Gòn,313,train
sample_000345,Bưu Điện Sài Gòn,345,train
sample_000253,Bưu Điện Sài Gòn,253,train
sample_000249,Bưu Điện Sài Gòn,249,train
sample_000322,Bưu Điện Sài Gòn,322,train
sample_000326,Bưu Điện Sài Gòn,326,train
sample_000134,Bến Ninh Kiều,134,train
sample_000151,Bến Ninh Kiều,151,train
sample_000129,Bến Ninh Kiều,129,train
sample_000118,Bến Ninh Kiều,118,train
sample_000163,Bến Ninh Kiều,163,train
sample_000149,Bến Ninh Kiều,149,train
sample_000139,Bến Ninh Kiều,139,train
sample_000142,Bến Ninh Kiều,142,train
sample_000171,Bến Ninh Kiều,171,train
sample_000181,Bến Ninh Kiều,181,train
sample_000115,Bến Ninh Kiều,115,train
sample_000185,Bến Ninh Kiều,185,train
sample_000140,Bến Ninh Kiều,140,train
sample_000203,Bến Ninh Kiều,203,train
sample_000198,Bến Ninh Kiều,198,train
sample_000191,Bến Ninh Kiều,191,train
sample_000218,Bến Ninh Kiều,218,train
sample_000205,Bến Ninh Kiều,205,train
sample_000168,Bến Ninh Kiều,168,train
sample_000154,Bến Ninh Kiều,154,train
sample_000158,Bến Ninh Kiều,158,train
sample_000159,Bến Ninh Kiều,159,train
sample_000224,Bến Ninh Kiều,224,train
sample_000199,Bến Ninh Kiều,199,train
sample_000197,Bến Ninh Kiều,197,train
sample_000175,Bến Ninh Kiều,175,train
sample_000219,Bến Ninh Kiều,219,train
sample_000237,Bến Ninh Kiều,237,train
sample_000216,Bến Ninh Kiều,216,train
sample_000192,Bến Ninh Kiều,192,train
sample_000235,Bến Ninh Kiều,235,train
sample_000204,Bến Ninh Kiều,204,train
sample_000127,Bến Ninh Kiều,127,train
sample_000172,Bến Ninh Kiều,172,train
sample_000116,Bến Ninh Kiều,116,train
sample_000165,Bến Ninh Kiều,165,train
sample_000137,Bến Ninh Kiều,137,train
sample_000162,Bến Ninh Kiều,162,train
sample_000153,Bến Ninh Kiều,153,train
sample_000177,Bến Ninh Kiều,177,train
sample_000157,Bến Ninh Kiều,157,train
sample_000225,Bến Ninh Kiều,225,train
sample_000167,Bến Ninh Kiều,167,train
sample_000169,Bến Ninh Kiều,169,train
sample_000222,Bến Ninh Kiều,222,train
sample_000193,Bến Ninh Kiều,193,train
sample_000122,Bến Ninh Kiều,122,train
sample_000200,Bến Ninh Kiều,200,train
sample_000160,Bến Ninh Kiều,160,train
sample_000215,Bến Ninh Kiều,215,train
sample_000120,Bến Ninh Kiều,120,train
sample_000114,Bến Ninh Kiều,114,train
sample_000164,Bến Ninh Kiều,164,train
sample_000119,Bến Ninh Kiều,119,train
sample_000152,Bến Ninh Kiều,152,train
sample_000194,Bến Ninh Kiều,194,train
sample_000146,Bến Ninh Kiều,146,train
sample_000126,Bến Ninh Kiều,126,train
sample_000220,Bến Ninh Kiều,220,train
sample_000217,Bến Ninh Kiều,217,train
sample_000211,Bến Ninh Kiều,211,train
sample_000178,Bến Ninh Kiều,178,train
sample_000136,Bến Ninh Kiều,136,train
sample_000238,Bến Ninh Kiều,238,train
sample_000195,Bến Ninh Kiều,195,train
sample_000226,Bến Ninh Kiều,226,train
sample_000121,Bến Ninh Kiều,121,train
sample_000221,Bến Ninh Kiều,221,train
sample_000229,Bến Ninh Kiều,229,train
sample_000210,Bến Ninh Kiều,210,train
sample_000227,Bến Ninh Kiều,227,train
sample_000145,Bến Ninh Kiều,145,train
sample_000156,Bến Ninh Kiều,156,train
sample_000155,Bến Ninh Kiều,155,train
sample_000131,Bến Ninh Kiều,131,train
sample_000173,Bến Ninh Kiều,173,train
sample_000128,Bến Ninh Kiều,128,train
sample_000170,Bến Ninh Kiều,170,train
sample_000133,Bến Ninh Kiều,133,train
sample_000212,Bến Ninh Kiều,212,train
sample_000187,Bến Ninh Kiều,187,train
sample_000130,Bến Ninh Kiều,130,train
sample_000230,Bến Ninh Kiều,230,train
sample_000201,Bến Ninh Kiều,201,train
sample_000186,Bến Ninh Kiều,186,train
sample_000135,Bến Ninh Kiều,135,train
sample_000150,Bến Ninh Kiều,150,train
sample_000233,Bến Ninh Kiều,233,train
sample_000724,Chùa Bái Đính,724,train
sample_000706,Chùa Bái Đính,706,train
sample_000782,Chùa Bái Đính,782,train
sample_000854,Chùa Bái Đính,854,train
sample_000710,Chùa Bái Đính,710,train
sample_000735,Chùa Bái Đính,735,train
sample_000775,Chùa Bái Đính,775,train
sample_000848,Chùa Bái Đính,848,train
sample_000831,Chùa Bái Đính,831,train
sample_000739,Chùa Bái Đính,739,train
sample_000717,Chùa Bái Đính,717,train
sample_000776,Chùa Bái Đính,776,train
sample_000790,Chùa Bái Đính,790,train
sample_000764,Chùa Bái Đính,764,train
sample_000751,Chùa Bái Đính,751,train
sample_000792,Chùa Bái Đính,792,train
sample_000840,Chùa Bái Đính,840,train
sample_000836,Chùa Bái Đính,836,train
sample_000770,Chùa Bái Đính,770,train
sample_000826,Chùa Bái Đính,826,train
sample_000722,Chùa Bái Đính,722,train
sample_000842,Chùa Bái Đính,842,train
sample_000740,Chùa Bái Đính,740,train
sample_000839,Chùa Bái Đính,839,train
sample_000755,Chùa Bái Đính,755,train
sample_000728,Chùa Bái Đính,728,train
sample_000772,Chùa Bái Đính,772,train
sample_000815,Chùa Bái Đính,815,train
sample_000832,Chùa Bái Đính,832,train
sample_000795,Chùa Bái Đính,795,train
sample_000744,Chùa Bái Đính,744,train
sample_000711,Chùa Bái Đính,711,train
sample_000845,Chùa Bái Đính,845,train
sample_000855,Chùa Bái Đính,855,train
sample_000812,Chùa Bái Đính,812,train
sample_000808,Chùa Bái Đính,808,train
sample_000829,Chùa Bái Đính,829,train
sample_000784,Chùa Bái Đính,784,train
sample_000774,Chùa Bái Đính,774,train
sample_000846,Chùa Bái Đính,846,train
sample_000750,Chùa Bái Đính,750,train
sample_000804,Chùa Bái Đính,804,train
sample_000799,Chùa Bái Đính,799,train
sample_000733,Chùa Bái Đính,733,train
sample_000708,Chùa Bái Đính,708,train
sample_000707,Chùa Bái Đính,707,train
sample_000754,Chùa Bái Đính,754,train
sample_000793,Chùa Bái Đính,793,train
sample_000705,Chùa Bái Đính,705,train
sample_000714,Chùa Bái Đính,714,train
sample_000853,Chùa Bái Đính,853,train
sample_000745,Chùa Bái Đính,745,train
sample_000821,Chùa Bái Đính,821,train
sample_000712,Chùa Bái Đính,712,train
sample_000837,Chùa Bái Đính,837,train
sample_000811,Chùa Bái Đính,811,train
sample_000805,Chùa Bái Đính,805,train
sample_000720,Chùa Bái Đính,720,train
sample_000850,Chùa Bái Đính,850,train
sample_000758,Chùa Bái Đính,758,train
sample_000806,Chùa Bái Đính,806,train
sample_000794,Chùa Bái Đính,794,train
sample_000747,Chùa Bái Đính,747,train
sample_000779,Chùa Bái Đính,779,train
sample_000752,Chùa Bái Đính,752,train
sample_000843,Chùa Bái Đính,843,train
sample_000819,Chùa Bái Đính,819,train
sample_000702,Chùa Bái Đính,702,train
sample_000773,Chùa Bái Đính,773,train
sample_000763,Chùa Bái Đính,763,train
sample_000721,Chùa Bái Đính,721,train
sample_000807,Chùa Bái Đính,807,train
sample_000734,Chùa Bái Đính,734,train
sample_000753,Chùa Bái Đính,753,train
sample_000737,Chùa Bái Đính,737,train
sample_000785,Chùa Bái Đính,785,train
sample_000828,Chùa Bái Đính,828,train
sample_000699,Chùa Bái Đính,699,train
sample_000729,Chùa Bái Đính,729,train
sample_000822,Chùa Bái Đính,822,train
sample_000718,Chùa Bái Đính,718,train
sample_000841,Chùa Bái Đính,841,train
sample_000825,Chùa Bái Đính,825,train
sample_000789,Chùa Bái Đính,789,train
sample_000727,Chùa Bái Đính,727,train
sample_000849,Chùa Bái Đính,849,train
sample_000756,Chùa Bái Đính,756,train
sample_000700,Chùa Bái Đính,700,train
sample_000771,Chùa Bái Đính,771,train
sample_000719,Chùa Bái Đính,719,train
sample_000797,Chùa Bái Đính,797,train
sample_000801,Chùa Bái Đính,801,train
sample_000767,Chùa Bái Đính,767,train
sample_000787,Chùa Bái Đính,787,train
sample_000769,Chùa Bái Đính,769,train
sample_000814,Chùa Bái Đính,814,train
sample_000827,Chùa Bái Đính,827,train
sample_000759,Chùa Bái Đính,759,train
sample_000858,Chùa Bái Đính,858,train
sample_000765,Chùa Bái Đính,765,train
sample_000780,Chùa Bái Đính,780,train
sample_000777,Chùa Bái Đính,777,train
sample_000857,Chùa Bái Đính,857,train
sample_000713,Chùa Bái Đính,713,train
sample_000748,Chùa Bái Đính,748,train
sample_000723,Chùa Bái Đính,723,train
sample_000736,Chùa Bái Đính,736,train
sample_000786,Chùa Bái Đính,786,train
sample_000809,Chùa Bái Đính,809,train
sample_000783,Chùa Bái Đính,783,train
sample_000746,Chùa Bái Đính,746,train
sample_000803,Chùa Bái Đính,803,train
sample_000889,Chùa Hương,889,train
sample_000880,Chùa Hương,880,train
sample_000955,Chùa Hương,955,train
sample_000868,Chùa Hương,868,train
sample_000870,Chùa Hương,870,train
sample_000982,Chùa Hương,982,train
sample_000888,Chùa Hương,888,train
sample_000883,Chùa Hương,883,train
sample_001010,Chùa Hương,1010,train
sample_000984,Chùa Hương,984,train
sample_000930,Chùa Hương,930,train
sample_000923,Chùa Hương,923,train
sample_001024,Chùa Hương,1024,train
sample_001021,Chùa Hương,1021,train
sample_000962,Chùa Hương,962,train
sample_000988,Chùa Hương,988,train
sample_000900,Chùa Hương,900,train
sample_000920,Chùa Hương,920,train
sample_000950,Chùa Hương,950,train
sample_000876,Chùa Hương,876,train
sample_000932,Chùa Hương,932,train
sample_000990,Chùa Hương,990,train
sample_000941,Chùa Hương,941,train
sample_000886,Chùa Hương,886,train
sample_000957,Chùa Hương,957,train
sample_001011,Chùa Hương,1011,train
sample_000974,Chùa Hương,974,train
sample_000914,Chùa Hương,914,train
sample_000898,Chùa Hương,898,train
sample_000927,Chùa Hương,927,train
sample_000986,Chùa Hương,986,train
sample_000910,Chùa Hương,910,train
sample_000869,Chùa Hương,869,train
sample_001029,Chùa Hương,1029,train
sample_000931,Chùa Hương,931,train
sample_000963,Chùa Hương,963,train
sample_000897,Chùa Hương,897,train
sample_000938,Chùa Hương,938,train
sample_000947,Chùa Hương,947,train
sample_000896,Chùa Hương,896,train
sample_001019,Chùa Hương,1019,train
sample_000866,Chùa Hương,866,train
sample_000954,Chùa Hương,954,train
sample_001026,Chùa Hương,1026,train
sample_001017,Chùa Hương,1017,train
sample_001000,Chùa Hương,1000,train
sample_000893,Chùa Hương,893,train
sample_000951,Chùa Hương,951,train
sample_000943,Chùa Hương,943,train
sample_000934,Chùa Hương,934,train
sample_000991,Chùa Hương,991,train
sample_000859,Chùa Hương,859,train
sample_000912,Chùa Hương,912,train
sample_001013,Chùa Hương,1013,train
sample_001022,Chùa Hương,1022,train
sample_000887,Chùa Hương,887,train
sample_000998,Chùa Hương,998,train
sample_000862,Chùa Hương,862,train
sample_000942,Chùa Hương,942,train
sample_000863,Chùa Hương,863,train
sample_000922,Chùa Hương,922,train
sample_000911,Chùa Hương,911,train
sample_000956,Chùa Hương,956,train
sample_000993,Chùa Hương,993,train
sample_000972,Chùa Hương,972,train
sample_001028,Chùa Hương,1028,train
sample_000975,Chùa Hương,975,train
sample_000995,Chùa Hương,995,train
sample_000946,Chùa Hương,946,train
sample_000921,Chùa Hương,921,train
sample_001023,Chùa Hương,1023,train
sample_000916,Chùa Hương,916,train
sample_000965,Chùa Hương,965,train
sample_001015,Chùa Hương,1015,train
sample_000969,Chùa Hương,969,train
sample_000939,Chùa Hương,939,train
sample_000903,Chùa Hương,903,train
sample_000894,Chùa Hương,894,train
sample_000905,Chùa Hương,905,train
sample_000940,Chùa Hương,940,train
sample_000884,Chùa Hương,884,train
sample_000989,Chùa Hương,989,train
sample_000960,Chùa Hương,960,train
sample_000871,Chùa Hương,871,train
sample_000997,Chùa Hương,997,train
sample_000928,Chùa Hương,928,train
sample_000864,Chùa Hương,864,train
sample_000908,Chùa Hương,908,train
sample_000904,Chùa Hương,904,train
sample_001030,Chùa Hương,1030,train
sample_000890,Chùa Hương,890,train
sample_000953,Chùa Hương,953,train
sample_001012,Chùa Hương,1012,train
sample_001018,Chùa Hương,1018,train
sample_000929,Chùa Hương,929,train
sample_001003,Chùa Hương,1003,train
sample_000994,Chùa Hương,994,train
sample_000895,Chùa Hương,895,train
sample_000949,Chùa Hương,949,train
sample_001031,Chùa Hương,1031,train
sample_001006,Chùa Hương,1006,train
sample_001005,Chùa Hương,1005,train
sample_000899,Chùa Hương,899,train
sample_000902,Chùa Hương,902,train
sample_000861,Chùa Hương,861,train
sample_000970,Chùa Hương,970,train
sample_001002,Chùa Hương,1002,train
sample_000937,Chùa Hương,937,train
sample_000907,Chùa Hương,907,train
sample_000872,Chùa Hương,872,train
sample_000865,Chùa Hương,865,train
sample_000958,Chùa Hương,958,train
sample_000979,Chùa Hương,979,train
sample_000987,Chùa Hương,987,train
sample_000964,Chùa Hương,964,train
sample_001032,Chùa Hương,1032,train
sample_000882,Chùa Hương,882,train
sample_001014,Chùa Hương,1014,train
sample_000877,Chùa Hương,877,train
sample_000996,Chùa Hương,996,train
sample_000875,Chùa Hương,875,train
sample_000913,Chùa Hương,913,train
sample_001099,Chùa Một Cột,1099,train
sample_001186,Chùa Một Cột,1186,train
sample_001035,Chùa Một Cột,1035,train
sample_001075,Chùa Một Cột,1075,train
sample_001103,Chùa Một Cột,1103,train
sample_001217,Chùa Một Cột,1217,train
sample_001221,Chùa Một Cột,1221,train
sample_001034,Chùa Một Cột,1034,train
sample_001076,Chùa Một Cột,1076,train
sample_001178,Chùa Một Cột,1178,train
sample_001113,Chùa Một Cột,1113,train
sample_001058,Chùa Một Cột,1058,train
sample_001219,Chùa Một Cột,1219,train
sample_001067,Chùa Một Cột,1067,train
sample_001187,Chùa Một Cột,1187,train
sample_001097,Chùa Một Cột,1097,train
sample_001070,Chùa Một Cột,1070,train
sample_001166,Chùa Một Cột,1166,train
sample_001119,Chùa Một Cột,1119,train
sample_001171,Chùa Một Cột,1171,train
sample_001132,Chùa Một Cột,1132,train
sample_001055,Chùa Một Cột,1055,train
sample_001162,Chùa Một Cột,1162,train
sample_001131,Chùa Một Cột,1131,train
sample_001149,Chùa Một Cột,1149,train
sample_001173,Chùa Một Cột,1173,train
sample_001134,Chùa Một Cột,1134,train
sample_001153,Chùa Một Cột,1153,train
sample_001120,Chùa Một Cột,1120,train
sample_001128,Chùa Một Cột,1128,train
sample_001216,Chùa Một Cột,1216,train
sample_001148,Chùa Một Cột,1148,train
sample_001066,Chùa Một Cột,1066,train
sample_001172,Chùa Một Cột,1172,train
sample_001244,Chùa Một Cột,1244,train
sample_001263,Chùa Một Cột,1263,train
sample_001248,Chùa Một Cột,1248,train
sample_001250,Chùa Một Cột,1250,train
sample_001107,Chùa Một Cột,1107,train
sample_001109,Chùa Một Cột,1109,train
sample_001239,Chùa Một Cột,1239,train
sample_001108,Chùa Một Cột,1108,train
sample_001247,Chùa Một Cột,1247,train
sample_001065,Chùa Một Cột,1065,train
sample_001179,Chùa Một Cột,1179,train
sample_001206,Chùa Một Cột,1206,train
sample_001210,Chùa Một Cột,1210,train
sample_001060,Chùa Một Cột,1060,train
sample_001154,Chùa Một Cột,1154,train
sample_001259,Chùa Một Cột,1259,train
sample_001195,Chùa Một Cột,1195,train
sample_001264,Chùa Một Cột,1264,train
sample_001262,Chùa Một Cột,1262,train
sample_001198,Chùa Một Cột,1198,train
sample_001047,Chùa Một Cột,1047,train
sample_001088,Chùa Một Cột,1088,train
sample_001236,Chùa Một Cột,1236,train
sample_001100,Chùa Một Cột,1100,train
sample_001052,Chùa Một Cột,1052,train
sample_001093,Chùa Một Cột,1093,train
sample_001209,Chùa Một Cột,1209,train
sample_001227,Chùa Một Cột,1227,train
sample_001225,Chùa Một Cột,1225,train
sample_001152,Chùa Một Cột,1152,train
sample_001040,Chùa Một Cột,1040,train
sample_001041,Chùa Một Cột,1041,train
sample_001090,Chùa Một Cột,1090,train
sample_001224,Chùa Một Cột,1224,train
sample_001069,Chùa Một Cột,1069,train
sample_001175,Chùa Một Cột,1175,train
sample_001121,Chùa Một Cột,1121,train
sample_001220,Chùa Một Cột,1220,train
sample_001234,Chùa Một Cột,1234,train
sample_001135,Chùa Một Cột,1135,train
sample_001105,Chùa Một Cột,1105,train
sample_001254,Chùa Một Cột,1254,train
sample_001110,Chùa Một Cột,1110,train
sample_001177,Chùa Một Cột,1177,train
sample_001124,Chùa Một Cột,1124,train
sample_001071,Chùa Một Cột,1071,train
sample_001168,Chùa Một Cột,1168,train
sample_001243,Chùa Một Cột,1243,train
sample_001084,Chùa Một Cột,1084,train
sample_001150,Chùa Một Cột,1150,train
sample_001196,Chùa Một Cột,1196,train
sample_001190,Chùa Một Cột,1190,train
sample_001043,Chùa Một Cột,1043,train
sample_001083,Chùa Một Cột,1083,train
sample_001142,Chùa Một Cột,1142,train
sample_001232,Chùa Một Cột,1232,train
sample_001129,Chùa Một Cột,1129,train
sample_001057,Chùa Một Cột,1057,train
sample_001163,Chùa Một Cột,1163,train
sample_001207,Chùa Một Cột,1207,train
sample_001223,Chùa Một Cột,1223,train
sample_001125,Chùa Một Cột,1125,train
sample_001230,Chùa Một Cột,1230,train
sample_001085,Chùa Một Cột,1085,train
sample_001038,Chùa Một Cột,1038,train
sample_001079,Chùa Một Cột,1079,train
sample_001183,Chùa Một Cột,1183,train
sample_001249,Chùa Một Cột,1249,train
sample_001036,Chùa Một Cột,1036,train
sample_001077,Chùa Một Cột,1077,train
sample_001222,Chùa Một Cột,1222,train
sample_001266,Chùa Một Cột,1266,train
sample_001213,Chùa Một Cột,1213,train
sample_001101,Chùa Một Cột,1101,train
sample_001214,Chùa Một Cột,1214,train
sample_001147,Chùa Một Cột,1147,train
sample_001073,Chùa Một Cột,1073,train
sample_001253,Chùa Một Cột,1253,train
sample_001116,Chùa Một Cột,1116,train
sample_001122,Chùa Một Cột,1122,train
sample_001102,Chùa Một Cột,1102,train
sample_001240,Chùa Một Cột,1240,train
sample_001146,Chùa Một Cột,1146,train
sample_001111,Chùa Một Cột,1111,train
sample_001194,Chùa Một Cột,1194,train
sample_001180,Chùa Một Cột,1180,train
sample_001246,Chùa Một Cột,1246,train
sample_001212,Chùa Một Cột,1212,train
sample_001203,Chùa Một Cột,1203,train
sample_001059,Chùa Một Cột,1059,train
sample_001159,Chùa Một Cột,1159,train
sample_001051,Chùa Một Cột,1051,train
sample_001096,Chùa Một Cột,1096,train
sample_001235,Chùa Một Cột,1235,train
sample_001202,Chùa Một Cột,1202,train
sample_001181,Chùa Một Cột,1181,train
sample_001118,Chùa Một Cột,1118,train
sample_001238,Chùa Một Cột,1238,train
sample_001139,Chùa Một Cột,1139,train
sample_001144,Chùa Một Cột,1144,train
sample_001155,Chùa Một Cột,1155,train
sample_001056,Chùa Một Cột,1056,train
sample_001164,Chùa Một Cột,1164,train
sample_001261,Chùa Một Cột,1261,train
sample_001260,Chùa Một Cột,1260,train
sample_001050,Chùa Một Cột,1050,train
sample_001094,Chùa Một Cột,1094,train
sample_001265,Chùa Một Cột,1265,train
sample_001114,Chùa Một Cột,1114,train
sample_001200,Chùa Một Cột,1200,train
sample_001215,Chùa Một Cột,1215,train
sample_001068,Chùa Một Cột,1068,train
sample_001165,Chùa Một Cột,1165,train
sample_001053,Chùa Một Cột,1053,train
sample_001156,Chùa Một Cột,1156,train
sample_001182,Chùa Một Cột,1182,train
sample_001251,Chùa Một Cột,1251,train
sample_001184,Chùa Một Cột,1184,train
sample_001137,Chùa Một Cột,1137,train
sample_001145,Chùa Một Cột,1145,train
sample_001226,Chùa Một Cột,1226,train
sample_001258,Chùa Một Cột,1258,train
sample_001049,Chùa Một Cột,1049,train
sample_001087,Chùa Một Cột,1087,train
sample_001193,Chùa Một Cột,1193,train
sample_001204,Chùa Một Cột,1204,train
sample_001033,Chùa Một Cột,1033,train
sample_001074,Chùa Một Cột,1074,train
sample_001229,Chùa Một Cột,1229,train
sample_001063,Chùa Một Cột,1063,train
sample_001169,Chùa Một Cột,1169,train
sample_000525,Chợ Bến Thành,525,train
sample_000483,Chợ Bến Thành,483,train
sample_000526,Chợ Bến Thành,526,train
sample_000455,Chợ Bến Thành,455,train
sample_000528,Chợ Bến Thành,528,train
sample_000577,Chợ Bến Thành,577,train
sample_000601,Chợ Bến Thành,601,train
sample_000571,Chợ Bến Thành,571,train
sample_000611,Chợ Bến Thành,611,train
sample_000439,Chợ Bến Thành,439,train
sample_000524,Chợ Bến Thành,524,train
sample_000567,Chợ Bến Thành,567,train
sample_000605,Chợ Bến Thành,605,train
sample_000543,Chợ Bến Thành,543,train
sample_000435,Chợ Bến Thành,435,train
sample_000583,Chợ Bến Thành,583,train
sample_000612,Chợ Bến Thành,612,train
sample_000476,Chợ Bến Thành,476,train
sample_000500,Chợ Bến Thành,500,train
sample_000549,Chợ Bến Thành,549,train
sample_000504,Chợ Bến Thành,504,train
sample_000456,Chợ Bến Thành,456,train
sample_000570,Chợ Bến Thành,570,train
sample_000588,Chợ Bến Thành,588,train
sample_000428,Chợ Bến Thành,428,train
sample_000576,Chợ Bến Thành,576,train
sample_000600,Chợ Bến Thành,600,train
sample_000466,Chợ Bến Thành,466,train
sample_000451,Chợ Bến Thành,451,train
sample_000540,Chợ Bến Thành,540,train
sample_000546,Chợ Bến Thành,546,train
sample_000561,Chợ Bến Thành,561,train
sample_000462,Chợ Bến Thành,462,train
sample_000449,Chợ Bến Thành,449,train
sample_000558,Chợ Bến Thành,558,train
sample_000594,Chợ Bến Thành,594,train
sample_000529,Chợ Bến Thành,529,train
sample_000557,Chợ Bến Thành,557,train
sample_000550,Chợ Bến Thành,550,train
sample_000469,Chợ Bến Thành,469,train
sample_000424,Chợ Bến Thành,424,train
sample_000607,Chợ Bến Thành,607,train
sample_000522,Chợ Bến Thành,522,train
sample_000464,Chợ Bến Thành,464,train
sample_000616,Chợ Bến Thành,616,train
sample_000463,Chợ Bến Thành,463,train
sample_000509,Chợ Bến Thành,509,train
sample_000545,Chợ Bến Thành,545,train
sample_000489,Chợ Bến Thành,489,train
sample_000448,Chợ Bến Thành,448,train
sample_000539,Chợ Bến Thành,539,train
sample_000590,Chợ Bến Thành,590,train
sample_000533,Chợ Bến Thành,533,train
sample_000487,Chợ Bến Thành,487,train
sample_000421,Chợ Bến Thành,421,train
sample_000472,Chợ Bến Thành,472,train
sample_000574,Chợ Bến Thành,574,train
sample_000604,Chợ Bến Thành,604,train
sample_000598,Chợ Bến Thành,598,train
sample_000593,Chợ Bến Thành,593,train
sample_000488,Chợ Bến Thành,488,train
sample_000518,Chợ Bến Thành,518,train
sample_000580,Chợ Bến Thành,580,train
sample_000485,Chợ Bến Thành,485,train
sample_000506,Chợ Bến Thành,506,train
sample_000548,Chợ Bến Thành,548,train
sample_000452,Chợ Bến Thành,452,train
sample_000512,Chợ Bến Thành,512,train
sample_000478,Chợ Bến Thành,478,train
sample_000552,Chợ Bến Thành,552,train
sample_000554,Chợ Bến Thành,554,train
sample_000584,Chợ Bến Thành,584,train
sample_000516,Chợ Bến Thành,516,train
sample_000597,Chợ Bến Thành,597,train
sample_000493,Chợ Bến Thành,493,train
sample_000537,Chợ Bến Thành,537,train
sample_000467,Chợ Bến Thành,467,train
sample_000602,Chợ Bến Thành,602,train
sample_000565,Chợ Bến Thành,565,train
sample_000432,Chợ Bến Thành,432,train
sample_000498,Chợ Bến Thành,498,train
sample_000555,Chợ Bến Thành,555,train
sample_000589,Chợ Bến Thành,589,train
sample_000494,Chợ Bến Thành,494,train
sample_000438,Chợ Bến Thành,438,train
sample_000560,Chợ Bến Thành,560,train
sample_000419,Chợ Bến Thành,419,train
sample_000444,Chợ Bến Thành,444,train
sample_000551,Chợ Bến Thành,551,train
sample_000581,Chợ Bến Thành,581,train
sample_000433,Chợ Bến Thành,433,train
sample_000575,Chợ Bến Thành,575,train
sample_000502,Chợ Bến Thành,502,train
sample_000609,Chợ Bến Thành,609,train
sample_000423,Chợ Bến Thành,423,train
sample_000508,Chợ Bến Thành,508,train
sample_000562,Chợ Bến Thành,562,train
sample_000530,Chợ Bến Thành,530,train
sample_000468,Chợ Bến Thành,468,train
sample_000501,Chợ Bến Thành,501,train
sample_000542,Chợ Bến Thành,542,train
sample_000490,Chợ Bến Thành,490,train
sample_000610,Chợ Bến Thành,610,train
sample_000541,Chợ Bến Thành,541,train
sample_000532,Chợ Bến Thành,532,train
sample_000429,Chợ Bến Thành,429,train
sample_000442,Chợ Bến Thành,442,train
sample_000556,Chợ Bến Thành,556,train
sample_000437,Chợ Bến Thành,437,train
sample_000587,Chợ Bến Thành,587,train
sample_000564,Chợ Bến Thành,564,train
sample_000492,Chợ Bến Thành,492,train
sample_000461,Chợ Bến Thành,461,train
sample_000568,Chợ Bến Thành,568,train
sample_000427,Chợ Bến Thành,427,train
sample_000591,Chợ Bến Thành,591,train
sample_000470,Chợ Bến Thành,470,train
sample_000496,Chợ Bến Thành,496,train
sample_000599,Chợ Bến Thành,599,train
sample_000579,Chợ Bến Thành,579,train
sample_000514,Chợ Bến Thành,514,train
sample_000566,Chợ Bến Thành,566,train
sample_000615,Chợ Bến Thành,615,train
sample_000606,Chợ Bến Thành,606,train
sample_000457,Chợ Bến Thành,457,train
sample_000534,Chợ Bến Thành,534,train
sample_000596,Chợ Bến Thành,596,train
sample_000459,Chợ Bến Thành,459,train
sample_000578,Chợ Bến Thành,578,train
sample_000436,Chợ Bến Thành,436,train
sample_000495,Chợ Bến Thành,495,train
sample_000505,Chợ Bến Thành,505,train
sample_000544,Chợ Bến Thành,544,train
sample_000426,Chợ Bến Thành,426,train
sample_000445,Chợ Bến Thành,445,train
sample_000480,Chợ Bến Thành,480,train
sample_000511,Chợ Bến Thành,511,train
sample_000473,Chợ Bến Thành,473,train
sample_000624,Chợ Nổi Cái Răng,624,train
sample_000633,Chợ Nổi Cái Răng,633,train
sample_000687,Chợ Nổi Cái Răng,687,train
sample_000653,Chợ Nổi Cái Răng,653,train
sample_000634,Chợ Nổi Cái Răng,634,train
sample_000686,Chợ Nổi Cái Răng,686,train
sample_000696,Chợ Nổi Cái Răng,696,train
sample_000638,Chợ Nổi Cái Răng,638,train
sample_000694,Chợ Nổi Cái Răng,694,train
sample_000621,Chợ Nổi Cái Răng,621,train
sample_000627,Chợ Nổi Cái Răng,627,train
sample_000651,Chợ Nổi Cái Răng,651,train
sample_000630,Chợ Nổi Cái Răng,630,train
sample_000662,Chợ Nổi Cái Răng,662,train
sample_000671,Chợ Nổi Cái Răng,671,train
sample_000664,Chợ Nổi Cái Răng,664,train
sample_000688,Chợ Nổi Cái Răng,688,train
sample_000684,Chợ Nổi Cái Răng,684,train
sample_000657,Chợ Nổi Cái Răng,657,train
sample_000646,Chợ Nổi Cái Răng,646,train
sample_000670,Chợ Nổi Cái Răng,670,train
sample_000620,Chợ Nổi Cái Răng,620,train
sample_000631,Chợ Nổi Cái Răng,631,train
sample_000673,Chợ Nổi Cái Răng,673,train
sample_000628,Chợ Nổi Cái Răng,628,train
sample_000675,Chợ Nổi Cái Răng,675,train
sample_000659,Chợ Nổi Cái Răng,659,train
sample_000689,Chợ Nổi Cái Răng,689,train
sample_000625,Chợ Nổi Cái Răng,625,train
sample_000637,Chợ Nổi Cái Răng,637,train
sample_000681,Chợ Nổi Cái Răng,681,train
sample_000641,Chợ Nổi Cái Răng,641,train
sample_000618,Chợ Nổi Cái Răng,618,train
sample_000640,Chợ Nổi Cái Răng,640,train
sample_000667,Chợ Nổi Cái Răng,667,train
sample_000666,Chợ Nổi Cái Răng,666,train
sample_000647,Chợ Nổi Cái Răng,647,train
sample_000648,Chợ Nổi Cái Răng,648,train
sample_000652,Chợ Nổi Cái Răng,652,train
sample_000654,Chợ Nổi Cái Răng,654,train
sample_000642,Chợ Nổi Cái Răng,642,train
sample_000698,Chợ Nổi Cái Răng,698,train
sample_000635,Chợ Nổi Cái Răng,635,train
sample_000679,Chợ Nổi Cái Răng,679,train
sample_000682,Chợ Nổi Cái Răng,682,train
sample_000622,Chợ Nổi Cái Răng,622,train
sample_000649,Chợ Nổi Cái Răng,649,train
sample_000697,Chợ Nổi Cái Răng,697,train
sample_000656,Chợ Nổi Cái Răng,656,train
sample_000639,Chợ Nổi Cái Răng,639,train
sample_000643,Chợ Nổi Cái Răng,643,train
sample_000692,Chợ Nổi Cái Răng,692,train
sample_000695,Chợ Nổi Cái Răng,695,train
sample_000690,Chợ Nổi Cái Răng,690,train
sample_000623,Chợ Nổi Cái Răng,623,train
sample_000683,Chợ Nổi Cái Răng,683,train
sample_000672,Chợ Nổi Cái Răng,672,train
sample_000629,Chợ Nổi Cái Răng,629,train
sample_001374,Cột Cờ Lũng Cú,1374,train
sample_001389,Cột Cờ Lũng Cú,1389,train
sample_001379,Cột Cờ Lũng Cú,1379,train
sample_001287,Cột Cờ Lũng Cú,1287,train
sample_001370,Cột Cờ Lũng Cú,1370,train
sample_001291,Cột Cờ Lũng Cú,1291,train
sample_001404,Cột Cờ Lũng Cú,1404,train
sample_001442,Cột Cờ Lũng Cú,1442,train
sample_001415,Cột Cờ Lũng Cú,1415,train
sample_001417,Cột Cờ Lũng Cú,1417,train
sample_001347,Cột Cờ Lũng Cú,1347,train
sample_001288,Cột Cờ Lũng Cú,1288,train
sample_001447,Cột Cờ Lũng Cú,1447,train
sample_001427,Cột Cờ Lũng Cú,1427,train
sample_001416,Cột Cờ Lũng Cú,1416,train
sample_001309,Cột Cờ Lũng Cú,1309,train
sample_001429,Cột Cờ Lũng Cú,1429,train
sample_001378,Cột Cờ Lũng Cú,1378,train
sample_001302,Cột Cờ Lũng Cú,1302,train
sample_001327,Cột Cờ Lũng Cú,1327,train
sample_001372,Cột Cờ Lũng Cú,1372,train
sample_001341,Cột Cờ Lũng Cú,1341,train
sample_001386,Cột Cờ Lũng Cú,1386,train
sample_001273,Cột Cờ Lũng Cú,1273,train
sample_001423,Cột Cờ Lũng Cú,1423,train
sample_001368,Cột Cờ Lũng Cú,1368,train
sample_001276,Cột Cờ Lũng Cú,1276,train
sample_001305,Cột Cờ Lũng Cú,1305,train
sample_001342,Cột Cờ Lũng Cú,1342,train
sample_001437,Cột Cờ Lũng Cú,1437,train
sample_001297,Cột Cờ Lũng Cú,1297,train
sample_001412,Cột Cờ Lũng Cú,1412,train
sample_001446,Cột Cờ Lũng Cú,1446,train
sample_001396,Cột Cờ Lũng Cú,1396,train
sample_001290,Cột Cờ Lũng Cú,1290,train
sample_001293,Cột Cờ Lũng Cú,1293,train
sample_001424,Cột Cờ Lũng Cú,1424,train
sample_001277,Cột Cờ Lũng Cú,1277,train
sample_001340,Cột Cờ Lũng Cú,1340,train
sample_001289,Cột Cờ Lũng Cú,1289,train
sample_001268,Cột Cờ Lũng Cú,1268,train
sample_001354,Cột Cờ Lũng Cú,1354,train
sample_001330,Cột Cờ Lũng Cú,1330,train
sample_001278,Cột Cờ Lũng Cú,1278,train
sample_001357,Cột Cờ Lũng Cú,1357,train
sample_001361,Cột Cờ Lũng Cú,1361,train
sample_001385,Cột Cờ Lũng Cú,1385,train
sample_001382,Cột Cờ Lũng Cú,1382,train
sample_001346,Cột Cờ Lũng Cú,1346,train
sample_001450,Cột Cờ Lũng Cú,1450,train
sample_001308,Cột Cờ Lũng Cú,1308,train
sample_001279,Cột Cờ Lũng Cú,1279,train
sample_001443,Cột Cờ Lũng Cú,1443,train
sample_001449,Cột Cờ Lũng Cú,1449,train
sample_001345,Cột Cờ Lũng Cú,1345,train
sample_001364,Cột Cờ Lũng Cú,1364,train
sample_001334,Cột Cờ Lũng Cú,1334,train
sample_001315,Cột Cờ Lũng Cú,1315,train
sample_001358,Cột Cờ Lũng Cú,1358,train
sample_001318,Cột Cờ Lũng Cú,1318,train
sample_001271,Cột Cờ Lũng Cú,1271,train
sample_001425,Cột Cờ Lũng Cú,1425,train
sample_001376,Cột Cờ Lũng Cú,1376,train
sample_001395,Cột Cờ Lũng Cú,1395,train
sample_001387,Cột Cờ Lũng Cú,1387,train
sample_001351,Cột Cờ Lũng Cú,1351,train
sample_001337,Cột Cờ Lũng Cú,1337,train
sample_001280,Cột Cờ Lũng Cú,1280,train
sample_001353,Cột Cờ Lũng Cú,1353,train
sample_001398,Cột Cờ Lũng Cú,1398,train
sample_001388,Cột Cờ Lũng Cú,1388,train
sample_001428,Cột Cờ Lũng Cú,1428,train
sample_001336,Cột Cờ Lũng Cú,1336,train
sample_001435,Cột Cờ Lũng Cú,1435,train
sample_001299,Cột Cờ Lũng Cú,1299,train
sample_001366,Cột Cờ Lũng Cú,1366,train
sample_001281,Cột Cờ Lũng Cú,1281,train
sample_001439,Cột Cờ Lũng Cú,1439,train
sample_001426,Cột Cờ Lũng Cú,1426,train
sample_001339,Cột Cờ Lũng Cú,1339,train
sample_001348,Cột Cờ Lũng Cú,1348,train
sample_001421,Cột Cờ Lũng Cú,1421,train
sample_001267,Cột Cờ Lũng Cú,1267,train
sample_001434,Cột Cờ Lũng Cú,1434,train
sample_001392,Cột Cờ Lũng Cú,1392,train
sample_001332,Cột Cờ Lũng Cú,1332,train
sample_001365,Cột Cờ Lũng Cú,1365,train
sample_001448,Cột Cờ Lũng Cú,1448,train
sample_001325,Cột Cờ Lũng Cú,1325,train
sample_001363,Cột Cờ Lũng Cú,1363,train
sample_001397,Cột Cờ Lũng Cú,1397,train
sample_001403,Cột Cờ Lũng Cú,1403,train
sample_001407,Cột Cờ Lũng Cú,1407,train
sample_001350,Cột Cờ Lũng Cú,1350,train
sample_001400,Cột Cờ Lũng Cú,1400,train
sample_001312,Cột Cờ Lũng Cú,1312,train
sample_001380,Cột Cờ Lũng Cú,1380,train
sample_001317,Cột Cờ Lũng Cú,1317,train
sample_001433,Cột Cờ Lũng Cú,1433,train
sample_001314,Cột Cờ Lũng Cú,1314,train
sample_001275,Cột Cờ Lũng Cú,1275,train
sample_001359,Cột Cờ Lũng Cú,1359,train
sample_001320,Cột Cờ Lũng Cú,1320,train
sample_001441,Cột Cờ Lũng Cú,1441,train
sample_001419,Cột Cờ Lũng Cú,1419,train
sample_001393,Cột Cờ Lũng Cú,1393,train
sample_001373,Cột Cờ Lũng Cú,1373,train
sample_001405,Cột Cờ Lũng Cú,1405,train
sample_001369,Cột Cờ Lũng Cú,1369,train
sample_001399,Cột Cờ Lũng Cú,1399,train
sample_001384,Cột Cờ Lũng Cú,1384,train
sample_001352,Cột Cờ Lũng Cú,1352,train
sample_001430,Cột Cờ Lũng Cú,1430,train
sample_001401,Cột Cờ Lũng Cú,1401,train
sample_001444,Cột Cờ Lũng Cú,1444,train
sample_001301,Cột Cờ Lũng Cú,1301,train
sample_001432,Cột Cờ Lũng Cú,1432,train
sample_001333,Cột Cờ Lũng Cú,1333,train
sample_001402,Cột Cờ Lũng Cú,1402,train
sample_001283,Cột Cờ Lũng Cú,1283,train
sample_001371,Cột Cờ Lũng Cú,1371,train
sample_001316,Cột Cờ Lũng Cú,1316,train
sample_001284,Cột Cờ Lũng Cú,1284,train
sample_001410,Cột Cờ Lũng Cú,1410,train
sample_001390,Cột Cờ Lũng Cú,1390,train
sample_001422,Cột Cờ Lũng Cú,1422,train
sample_001329,Cột Cờ Lũng Cú,1329,train
sample_001269,Cột Cờ Lũng Cú,1269,train
sample_001391,Cột Cờ Lũng Cú,1391,train
sample_002427,Dinh Độc Lập,2427,train
sample_002529,Dinh Độc Lập,2529,train
sample_002459,Dinh Độc Lập,2459,train
sample_002432,Dinh Độc Lập,2432,train
sample_002466,Dinh Độc Lập,2466,train
sample_002458,Dinh Độc Lập,2458,train
sample_002436,Dinh Độc Lập,2436,train
sample_002512,Dinh Độc Lập,2512,train
sample_002451,Dinh Độc Lập,2451,train
sample_002479,Dinh Độc Lập,2479,train
sample_002441,Dinh Độc Lập,2441,train
sample_002527,Dinh Độc Lập,2527,train
sample_002536,Dinh Độc Lập,2536,train
sample_002551,Dinh Độc Lập,2551,train
sample_002443,Dinh Độc Lập,2443,train
sample_002493,Dinh Độc Lập,2493,train
sample_002487,Dinh Độc Lập,2487,train
sample_002508,Dinh Độc Lập,2508,train
sample_002510,Dinh Độc Lập,2510,train
sample_002445,Dinh Độc Lập,2445,train
sample_002509,Dinh Độc Lập,2509,train
sample_002476,Dinh Độc Lập,2476,train
sample_002437,Dinh Độc Lập,2437,train
sample_002498,Dinh Độc Lập,2498,train
sample_002530,Dinh Độc Lập,2530,train
sample_002455,Dinh Độc Lập,2455,train
sample_002501,Dinh Độc Lập,2501,train
sample_002483,Dinh Độc Lập,2483,train
sample_002463,Dinh Độc Lập,2463,train
sample_002418,Dinh Độc Lập,2418,train
sample_002494,Dinh Độc Lập,2494,train
sample_002532,Dinh Độc Lập,2532,train
sample_002538,Dinh Độc Lập,2538,train
sample_002425,Dinh Độc Lập,2425,train
sample_002413,Dinh Độc Lập,2413,train
sample_002426,Dinh Độc Lập,2426,train
sample_002430,Dinh Độc Lập,2430,train
sample_002535,Dinh Độc Lập,2535,train
sample_002516,Dinh Độc Lập,2516,train
sample_002555,Dinh Độc Lập,2555,train
sample_002537,Dinh Độc Lập,2537,train
sample_002454,Dinh Độc Lập,2454,train
sample_002438,Dinh Độc Lập,2438,train
sample_002553,Dinh Độc Lập,2553,train
sample_002482,Dinh Độc Lập,2482,train
sample_002533,Dinh Độc Lập,2533,train
sample_002431,Dinh Độc Lập,2431,train
sample_002488,Dinh Độc Lập,2488,train
sample_002449,Dinh Độc Lập,2449,train
sample_002453,Dinh Độc Lập,2453,train
sample_002544,Dinh Độc Lập,2544,train
sample_002444,Dinh Độc Lập,2444,train
sample_002524,Dinh Độc Lập,2524,train
sample_002523,Dinh Độc Lập,2523,train
sample_002412,Dinh Độc Lập,2412,train
sample_002490,Dinh Độc Lập,2490,train
sample_002470,Dinh Độc Lập,2470,train
sample_002542,Dinh Độc Lập,2542,train
sample_002507,Dinh Độc Lập,2507,train
sample_002467,Dinh Độc Lập,2467,train
sample_002539,Dinh Độc Lập,2539,train
sample_002433,Dinh Độc Lập,2433,train
sample_002416,Dinh Độc Lập,2416,train
sample_002548,Dinh Độc Lập,2548,train
sample_002513,Dinh Độc Lập,2513,train
sample_002492,Dinh Độc Lập,2492,train
sample_002496,Dinh Độc Lập,2496,train
sample_002520,Dinh Độc Lập,2520,train
sample_002421,Dinh Độc Lập,2421,train
sample_002543,Dinh Độc Lập,2543,train
sample_002505,Dinh Độc Lập,2505,train
sample_002541,Dinh Độc Lập,2541,train
sample_002515,Dinh Độc Lập,2515,train
sample_002521,Dinh Độc Lập,2521,train
sample_002434,Dinh Độc Lập,2434,train
sample_002500,Dinh Độc Lập,2500,train
sample_002522,Dinh Độc Lập,2522,train
sample_002474,Dinh Độc Lập,2474,train
sample_002531,Dinh Độc Lập,2531,train
sample_002465,Dinh Độc Lập,2465,train
sample_002528,Dinh Độc Lập,2528,train
sample_002481,Dinh Độc Lập,2481,train
sample_002502,Dinh Độc Lập,2502,train
sample_002554,Dinh Độc Lập,2554,train
sample_002489,Dinh Độc Lập,2489,train
sample_002511,Dinh Độc Lập,2511,train
sample_002547,Dinh Độc Lập,2547,train
sample_002545,Dinh Độc Lập,2545,train
sample_002517,Dinh Độc Lập,2517,train
sample_002423,Dinh Độc Lập,2423,train
sample_002439,Dinh Độc Lập,2439,train
sample_002446,Dinh Độc Lập,2446,train
sample_002506,Dinh Độc Lập,2506,train
sample_002428,Dinh Độc Lập,2428,train
sample_002452,Dinh Độc Lập,2452,train
sample_002473,Dinh Độc Lập,2473,train
sample_002534,Dinh Độc Lập,2534,train
sample_002417,Dinh Độc Lập,2417,train
sample_002415,Dinh Độc Lập,2415,train
sample_002552,Dinh Độc Lập,2552,train
sample_002514,Dinh Độc Lập,2514,train
sample_002998,Ghềnh Đá Đĩa,2998,train
sample_003049,Ghềnh Đá Đĩa,3049,train
sample_002993,Ghềnh Đá Đĩa,2993,train
sample_003098,Ghềnh Đá Đĩa,3098,train
sample_002954,Ghềnh Đá Đĩa,2954,train
sample_003023,Ghềnh Đá Đĩa,3023,train
sample_003064,Ghềnh Đá Đĩa,3064,train
sample_003107,Ghềnh Đá Đĩa,3107,train
sample_003044,Ghềnh Đá Đĩa,3044,train
sample_002956,Ghềnh Đá Đĩa,2956,train
sample_003123,Ghềnh Đá Đĩa,3123,train
sample_003010,Ghềnh Đá Đĩa,3010,train
sample_003015,Ghềnh Đá Đĩa,3015,train
sample_003074,Ghềnh Đá Đĩa,3074,train
sample_002997,Ghềnh Đá Đĩa,2997,train
sample_003009,Ghềnh Đá Đĩa,3009,train
sample_002975,Ghềnh Đá Đĩa,2975,train
sample_003054,Ghềnh Đá Đĩa,3054,train
sample_002980,Ghềnh Đá Đĩa,2980,train
sample_003077,Ghềnh Đá Đĩa,3077,train
sample_002978,Ghềnh Đá Đĩa,2978,train
sample_003036,Ghềnh Đá Đĩa,3036,train
sample_003051,Ghềnh Đá Đĩa,3051,train
sample_003060,Ghềnh Đá Đĩa,3060,train
sample_003115,Ghềnh Đá Đĩa,3115,train
sample_002999,Ghềnh Đá Đĩa,2999,train
sample_003073,Ghềnh Đá Đĩa,3073,train
sample_003131,Ghềnh Đá Đĩa,3131,train
sample_003102,Ghềnh Đá Đĩa,3102,train
sample_003013,Ghềnh Đá Đĩa,3013,train
sample_003021,Ghềnh Đá Đĩa,3021,train
sample_003066,Ghềnh Đá Đĩa,3066,train
sample_003068,Ghềnh Đá Đĩa,3068,train
sample_002989,Ghềnh Đá Đĩa,2989,train
sample_003046,Ghềnh Đá Đĩa,3046,train
sample_003094,Ghềnh Đá Đĩa,3094,train
sample_003109,Ghềnh Đá Đĩa,3109,train
sample_003101,Ghềnh Đá Đĩa,3101,train
sample_003001,Ghềnh Đá Đĩa,3001,train
sample_003084,Ghềnh Đá Đĩa,3084,train
sample_003105,Ghềnh Đá Đĩa,3105,train
sample_003079,Ghềnh Đá Đĩa,3079,train
sample_003091,Ghềnh Đá Đĩa,3091,train
sample_003052,Ghềnh Đá Đĩa,3052,train
sample_003085,Ghềnh Đá Đĩa,3085,train
sample_003037,Ghềnh Đá Đĩa,3037,train
sample_003090,Ghềnh Đá Đĩa,3090,train
sample_003099,Ghềnh Đá Đĩa,3099,train
sample_003113,Ghềnh Đá Đĩa,3113,train
sample_003016,Ghềnh Đá Đĩa,3016,train
sample_003053,Ghềnh Đá Đĩa,3053,train
sample_003119,Ghềnh Đá Đĩa,3119,train
sample_002985,Ghềnh Đá Đĩa,2985,train
sample_003026,Ghềnh Đá Đĩa,3026,train
sample_003128,Ghềnh Đá Đĩa,3128,train
sample_002981,Ghềnh Đá Đĩa,2981,train
sample_003071,Ghềnh Đá Đĩa,3071,train
sample_002994,Ghềnh Đá Đĩa,2994,train
sample_003097,Ghềnh Đá Đĩa,3097,train
sample_003069,Ghềnh Đá Đĩa,3069,train
sample_002963,Ghềnh Đá Đĩa,2963,train
sample_003008,Ghềnh Đá Đĩa,3008,train
sample_003062,Ghềnh Đá Đĩa,3062,train
sample_003065,Ghềnh Đá Đĩa,3065,train
sample_003110,Ghềnh Đá Đĩa,3110,train
sample_003031,Ghềnh Đá Đĩa,3031,train
sample_002995,Ghềnh Đá Đĩa,2995,train
sample_003056,Ghềnh Đá Đĩa,3056,train
sample_003042,Ghềnh Đá Đĩa,3042,train
sample_003050,Ghềnh Đá Đĩa,3050,train
sample_003011,Ghềnh Đá Đĩa,3011,train
sample_002983,Ghềnh Đá Đĩa,2983,train
sample_002992,Ghềnh Đá Đĩa,2992,train
sample_003063,Ghềnh Đá Đĩa,3063,train
sample_002958,Ghềnh Đá Đĩa,2958,train
sample_003086,Ghềnh Đá Đĩa,3086,train
sample_003028,Ghềnh Đá Đĩa,3028,train
sample_003075,Ghềnh Đá Đĩa,3075,train
sample_003033,Ghềnh Đá Đĩa,3033,train
sample_002984,Ghềnh Đá Đĩa,2984,train
sample_003112,Ghềnh Đá Đĩa,3112,train
sample_003081,Ghềnh Đá Đĩa,3081,train
sample_003025,Ghềnh Đá Đĩa,3025,train
sample_003072,Ghềnh Đá Đĩa,3072,train
sample_003019,Ghềnh Đá Đĩa,3019,train
sample_003070,Ghềnh Đá Đĩa,3070,train
sample_003061,Ghềnh Đá Đĩa,3061,train
sample_002969,Ghềnh Đá Đĩa,2969,train
sample_003018,Ghềnh Đá Đĩa,3018,train
sample_003007,Ghềnh Đá Đĩa,3007,train
sample_002952,Ghềnh Đá Đĩa,2952,train
sample_002976,Ghềnh Đá Đĩa,2976,train
sample_003103,Ghềnh Đá Đĩa,3103,train
sample_003100,Ghềnh Đá Đĩa,3100,train
sample_003038,Ghềnh Đá Đĩa,3038,train
sample_003002,Ghềnh Đá Đĩa,3002,train
sample_003095,Ghềnh Đá Đĩa,3095,train
sample_003012,Ghềnh Đá Đĩa,3012,train
sample_002965,Ghềnh Đá Đĩa,2965,train
sample_002988,Ghềnh Đá Đĩa,2988,train
sample_003020,Ghềnh Đá Đĩa,3020,train
sample_003117,Ghềnh Đá Đĩa,3117,train
sample_003118,Ghềnh Đá Đĩa,3118,train
sample_003034,Ghềnh Đá Đĩa,3034,train
sample_002953,Ghềnh Đá Đĩa,2953,train
sample_003106,Ghềnh Đá Đĩa,3106,train
sample_003120,Ghềnh Đá Đĩa,3120,train
sample_003129,Ghềnh Đá Đĩa,3129,train
sample_002964,Ghềnh Đá Đĩa,2964,train
sample_003124,Ghềnh Đá Đĩa,3124,train
sample_002986,Ghềnh Đá Đĩa,2986,train
sample_002977,Ghềnh Đá Đĩa,2977,train
sample_002970,Ghềnh Đá Đĩa,2970,train
sample_002990,Ghềnh Đá Đĩa,2990,train
sample_003093,Ghềnh Đá Đĩa,3093,train
sample_003000,Ghềnh Đá Đĩa,3000,train
sample_003004,Ghềnh Đá Đĩa,3004,train
sample_003029,Ghềnh Đá Đĩa,3029,train
sample_003003,Ghềnh Đá Đĩa,3003,train
sample_003116,Ghềnh Đá Đĩa,3116,train
sample_003130,Ghềnh Đá Đĩa,3130,train
sample_003127,Ghềnh Đá Đĩa,3127,train
sample_003088,Ghềnh Đá Đĩa,3088,train
sample_003017,Ghềnh Đá Đĩa,3017,train
sample_002961,Ghềnh Đá Đĩa,2961,train
sample_003057,Ghềnh Đá Đĩa,3057,train
sample_002991,Ghềnh Đá Đĩa,2991,train
sample_003262,Hang Sơn Đoòng,3262,train
sample_003159,Hang Sơn Đoòng,3159,train
sample_003163,Hang Sơn Đoòng,3163,train
sample_003297,Hang Sơn Đoòng,3297,train
sample_003202,Hang Sơn Đoòng,3202,train
sample_003188,Hang Sơn Đoòng,3188,train
sample_003152,Hang Sơn Đoòng,3152,train
sample_003176,Hang Sơn Đoòng,3176,train
sample_003166,Hang Sơn Đoòng,3166,train
sample_003238,Hang Sơn Đoòng,3238,train
sample_003178,Hang Sơn Đoòng,3178,train
sample_003277,Hang Sơn Đoòng,3277,train
sample_003165,Hang Sơn Đoòng,3165,train
sample_003203,Hang Sơn Đoòng,3203,train
sample_003143,Hang Sơn Đoòng,3143,train
sample_003208,Hang Sơn Đoòng,3208,train
sample_003243,Hang Sơn Đoòng,3243,train
sample_003295,Hang Sơn Đoòng,3295,train
sample_003290,Hang Sơn Đoòng,3290,train
sample_003160,Hang Sơn Đoòng,3160,train
sample_003255,Hang Sơn Đoòng,3255,train
sample_003170,Hang Sơn Đoòng,3170,train
sample_003269,Hang Sơn Đoòng,3269,train
sample_003216,Hang Sơn Đoòng,3216,train
sample_003289,Hang Sơn Đoòng,3289,train
sample_003264,Hang Sơn Đoòng,3264,train
sample_003219,Hang Sơn Đoòng,3219,train
sample_003239,Hang Sơn Đoòng,3239,train
sample_003197,Hang Sơn Đoòng,3197,train
sample_003145,Hang Sơn Đoòng,3145,train
sample_003240,Hang Sơn Đoòng,3240,train
sample_003223,Hang Sơn Đoòng,3223,train
sample_003259,Hang Sơn Đoòng,3259,train
sample_003220,Hang Sơn Đoòng,3220,train
sample_003234,Hang Sơn Đoòng,3234,train
sample_003261,Hang Sơn Đoòng,3261,train
sample_003149,Hang Sơn Đoòng,3149,train
sample_003205,Hang Sơn Đoòng,3205,train
sample_003150,Hang Sơn Đoòng,3150,train
sample_003280,Hang Sơn Đoòng,3280,train
sample_003175,Hang Sơn Đoòng,3175,train
sample_003286,Hang Sơn Đoòng,3286,train
sample_003272,Hang Sơn Đoòng,3272,train
sample_003253,Hang Sơn Đoòng,3253,train
sample_003167,Hang Sơn Đoòng,3167,train
sample_003247,Hang Sơn Đoòng,3247,train
sample_003191,Hang Sơn Đoòng,3191,train
sample_003134,Hang Sơn Đoòng,3134,train
sample_003302,Hang Sơn Đoòng,3302,train
sample_003151,Hang Sơn Đoòng,3151,train
sample_003273,Hang Sơn Đoòng,3273,train
sample_003246,Hang Sơn Đoòng,3246,train
sample_003139,Hang Sơn Đoòng,3139,train
sample_003133,Hang Sơn Đoòng,3133,train
sample_003196,Hang Sơn Đoòng,3196,train
sample_003213,Hang Sơn Đoòng,3213,train
sample_003267,Hang Sơn Đoòng,3267,train
sample_003212,Hang Sơn Đoòng,3212,train
sample_003168,Hang Sơn Đoòng,3168,train
sample_003227,Hang Sơn Đoòng,3227,train
sample_003244,Hang Sơn Đoòng,3244,train
sample_003271,Hang Sơn Đoòng,3271,train
sample_003132,Hang Sơn Đoòng,3132,train
sample_003135,Hang Sơn Đoòng,3135,train
sample_003211,Hang Sơn Đoòng,3211,train
sample_003224,Hang Sơn Đoòng,3224,train
sample_003268,Hang Sơn Đoòng,3268,train
sample_003140,Hang Sơn Đoòng,3140,train
sample_003229,Hang Sơn Đoòng,3229,train
sample_003249,Hang Sơn Đoòng,3249,train
sample_003226,Hang Sơn Đoòng,3226,train
sample_003169,Hang Sơn Đoòng,3169,train
sample_003254,Hang Sơn Đoòng,3254,train
sample_003179,Hang Sơn Đoòng,3179,train
sample_003198,Hang Sơn Đoòng,3198,train
sample_003201,Hang Sơn Đoòng,3201,train
sample_003248,Hang Sơn Đoòng,3248,train
sample_003195,Hang Sơn Đoòng,3195,train
sample_003291,Hang Sơn Đoòng,3291,train
sample_003183,Hang Sơn Đoòng,3183,train
sample_003171,Hang Sơn Đoòng,3171,train
sample_003147,Hang Sơn Đoòng,3147,train
sample_003180,Hang Sơn Đoòng,3180,train
sample_003209,Hang Sơn Đoòng,3209,train
sample_003298,Hang Sơn Đoòng,3298,train
sample_003136,Hang Sơn Đoòng,3136,train
sample_003258,Hang Sơn Đoòng,3258,train
sample_003296,Hang Sơn Đoòng,3296,train
sample_003284,Hang Sơn Đoòng,3284,train
sample_003215,Hang Sơn Đoòng,3215,train
sample_003194,Hang Sơn Đoòng,3194,train
sample_003256,Hang Sơn Đoòng,3256,train
sample_003154,Hang Sơn Đoòng,3154,train
sample_003190,Hang Sơn Đoòng,3190,train
sample_003207,Hang Sơn Đoòng,3207,train
sample_003222,Hang Sơn Đoòng,3222,train
sample_003293,Hang Sơn Đoòng,3293,train
sample_003250,Hang Sơn Đoòng,3250,train
sample_003199,Hang Sơn Đoòng,3199,train
sample_003270,Hang Sơn Đoòng,3270,train
sample_003172,Hang Sơn Đoòng,3172,train
sample_003278,Hang Sơn Đoòng,3278,train
sample_003193,Hang Sơn Đoòng,3193,train
sample_003260,Hang Sơn Đoòng,3260,train
sample_003146,Hang Sơn Đoòng,3146,train
sample_003158,Hang Sơn Đoòng,3158,train
sample_003235,Hang Sơn Đoòng,3235,train
sample_003276,Hang Sơn Đoòng,3276,train
sample_003285,Hang Sơn Đoòng,3285,train
sample_003228,Hang Sơn Đoòng,3228,train
sample_003221,Hang Sơn Đoòng,3221,train
sample_003144,Hang Sơn Đoòng,3144,train
sample_003200,Hang Sơn Đoòng,3200,train
sample_003214,Hang Sơn Đoòng,3214,train
sample_003299,Hang Sơn Đoòng,3299,train
sample_003177,Hang Sơn Đoòng,3177,train
sample_003137,Hang Sơn Đoòng,3137,train
sample_003231,Hang Sơn Đoòng,3231,train
sample_003252,Hang Sơn Đoòng,3252,train
sample_003174,Hang Sơn Đoòng,3174,train
sample_003662,Hoàng Thành Thăng Long,3662,train
sample_003679,Hoàng Thành Thăng Long,3679,train
sample_003713,Hoàng Thành Thăng Long,3713,train
sample_003649,Hoàng Thành Thăng Long,3649,train
sample_003758,Hoàng Thành Thăng Long,3758,train
sample_003787,Hoàng Thành Thăng Long,3787,train
sample_003778,Hoàng Thành Thăng Long,3778,train
sample_003752,Hoàng Thành Thăng Long,3752,train
sample_003764,Hoàng Thành Thăng Long,3764,train
sample_003708,Hoàng Thành Thăng Long,3708,train
sample_003728,Hoàng Thành Thăng Long,3728,train
sample_003793,Hoàng Thành Thăng Long,3793,train
sample_003650,Hoàng Thành Thăng Long,3650,train
sample_003703,Hoàng Thành Thăng Long,3703,train
sample_003683,Hoàng Thành Thăng Long,3683,train
sample_003712,Hoàng Thành Thăng Long,3712,train
sample_003744,Hoàng Thành Thăng Long,3744,train
sample_003773,Hoàng Thành Thăng Long,3773,train
sample_003732,Hoàng Thành Thăng Long,3732,train
sample_003734,Hoàng Thành Thăng Long,3734,train
sample_003715,Hoàng Thành Thăng Long,3715,train
sample_003739,Hoàng Thành Thăng Long,3739,train
sample_003725,Hoàng Thành Thăng Long,3725,train
sample_003789,Hoàng Thành Thăng Long,3789,train
sample_003761,Hoàng Thành Thăng Long,3761,train
sample_003709,Hoàng Thành Thăng Long,3709,train
sample_003780,Hoàng Thành Thăng Long,3780,train
sample_003655,Hoàng Thành Thăng Long,3655,train
sample_003675,Hoàng Thành Thăng Long,3675,train
sample_003729,Hoàng Thành Thăng Long,3729,train
sample_003742,Hoàng Thành Thăng Long,3742,train
sample_003704,Hoàng Thành Thăng Long,3704,train
sample_003753,Hoàng Thành Thăng Long,3753,train
sample_003771,Hoàng Thành Thăng Long,3771,train
sample_003657,Hoàng Thành Thăng Long,3657,train
sample_003784,Hoàng Thành Thăng Long,3784,train
sample_003663,Hoàng Thành Thăng Long,3663,train
sample_003659,Hoàng Thành Thăng Long,3659,train
sample_003775,Hoàng Thành Thăng Long,3775,train
sample_003763,Hoàng Thành Thăng Long,3763,train
sample_003765,Hoàng Thành Thăng Long,3765,train
sample_003681,Hoàng Thành Thăng Long,3681,train
sample_003680,Hoàng Thành Thăng Long,3680,train
sample_003782,Hoàng Thành Thăng Long,3782,train
sample_003654,Hoàng Thành Thăng Long,3654,train
sample_003726,Hoàng Thành Thăng Long,3726,train
sample_003756,Hoàng Thành Thăng Long,3756,train
sample_003672,Hoàng Thành Thăng Long,3672,train
sample_003677,Hoàng Thành Thăng Long,3677,train
sample_003682,Hoàng Thành Thăng Long,3682,train
sample_003724,Hoàng Thành Thăng Long,3724,train
sample_003706,Hoàng Thành Thăng Long,3706,train
sample_003767,Hoàng Thành Thăng Long,3767,train
sample_003772,Hoàng Thành Thăng Long,3772,train
sample_003667,Hoàng Thành Thăng Long,3667,train
sample_003781,Hoàng Thành Thăng Long,3781,train
sample_003696,Hoàng Thành Thăng Long,3696,train
sample_003665,Hoàng Thành Thăng Long,3665,train
sample_003674,Hoàng Thành Thăng Long,3674,train
sample_003791,Hoàng Thành Thăng Long,3791,train
sample_003651,Hoàng Thành Thăng Long,3651,train
sample_003673,Hoàng Thành Thăng Long,3673,train
sample_003754,Hoàng Thành Thăng Long,3754,train
sample_003723,Hoàng Thành Thăng Long,3723,train
sample_003697,Hoàng Thành Thăng Long,3697,train
sample_003652,Hoàng Thành Thăng Long,3652,train
sample_003727,Hoàng Thành Thăng Long,3727,train
sample_003669,Hoàng Thành Thăng Long,3669,train
sample_003666,Hoàng Thành Thăng Long,3666,train
sample_003779,Hoàng Thành Thăng Long,3779,train
sample_003717,Hoàng Thành Thăng Long,3717,train
sample_003746,Hoàng Thành Thăng Long,3746,train
sample_003701,Hoàng Thành Thăng Long,3701,train
sample_003710,Hoàng Thành Thăng Long,3710,train
sample_003711,Hoàng Thành Thăng Long,3711,train
sample_003757,Hoàng Thành Thăng Long,3757,train
sample_003750,Hoàng Thành Thăng Long,3750,train
sample_003690,Hoàng Thành Thăng Long,3690,train
sample_003694,Hoàng Thành Thăng Long,3694,train
sample_003774,Hoàng Thành Thăng Long,3774,train
sample_003788,Hoàng Thành Thăng Long,3788,train
sample_003740,Hoàng Thành Thăng Long,3740,train
sample_003741,Hoàng Thành Thăng Long,3741,train
sample_003751,Hoàng Thành Thăng Long,3751,train
sample_003714,Hoàng Thành Thăng Long,3714,train
sample_003685,Hoàng Thành Thăng Long,3685,train
sample_003716,Hoàng Thành Thăng Long,3716,train
sample_003759,Hoàng Thành Thăng Long,3759,train
sample_003792,Hoàng Thành Thăng Long,3792,train
sample_003760,Hoàng Thành Thăng Long,3760,train
sample_003747,Hoàng Thành Thăng Long,3747,train
sample_003776,Hoàng Thành Thăng Long,3776,train
sample_003755,Hoàng Thành Thăng Long,3755,train
sample_003678,Hoàng Thành Thăng Long,3678,train
sample_003707,Hoàng Thành Thăng Long,3707,train
sample_003688,Hoàng Thành Thăng Long,3688,train
sample_003769,Hoàng Thành Thăng Long,3769,train
sample_003687,Hoàng Thành Thăng Long,3687,train
sample_003731,Hoàng Thành Thăng Long,3731,train
sample_003794,Hoàng Thành Thăng Long,3794,train
sample_003653,Hoàng Thành Thăng Long,3653,train
sample_003730,Hoàng Thành Thăng Long,3730,train
sample_003777,Hoàng Thành Thăng Long,3777,train
sample_003444,Hồ Ba Bể,3444,train
sample_003403,Hồ Ba Bể,3403,train
sample_003470,Hồ Ba Bể,3470,train
sample_003434,Hồ Ba Bể,3434,train
sample_003372,Hồ Ba Bể,3372,train
sample_003474,Hồ Ba Bể,3474,train
sample_003364,Hồ Ba Bể,3364,train
sample_003401,Hồ Ba Bể,3401,train
sample_003317,Hồ Ba Bể,3317,train
sample_003404,Hồ Ba Bể,3404,train
sample_003486,Hồ Ba Bể,3486,train
sample_003352,Hồ Ba Bể,3352,train
sample_003330,Hồ Ba Bể,3330,train
sample_003379,Hồ Ba Bể,3379,train
sample_003471,Hồ Ba Bể,3471,train
sample_003311,Hồ Ba Bể,3311,train
sample_003408,Hồ Ba Bể,3408,train
sample_003318,Hồ Ba Bể,3318,train
sample_003371,Hồ Ba Bể,3371,train
sample_003350,Hồ Ba Bể,3350,train
sample_003483,Hồ Ba Bể,3483,train
sample_003414,Hồ Ba Bể,3414,train
sample_003484,Hồ Ba Bể,3484,train
sample_003427,Hồ Ba Bể,3427,train
sample_003439,Hồ Ba Bể,3439,train
sample_003348,Hồ Ba Bể,3348,train
sample_003400,Hồ Ba Bể,3400,train
sample_003312,Hồ Ba Bể,3312,train
sample_003355,Hồ Ba Bể,3355,train
sample_003440,Hồ Ba Bể,3440,train
sample_003370,Hồ Ba Bể,3370,train
sample_003420,Hồ Ba Bể,3420,train
sample_003478,Hồ Ba Bể,3478,train
sample_003353,Hồ Ba Bể,3353,train
sample_003416,Hồ Ba Bể,3416,train
sample_003431,Hồ Ba Bể,3431,train
sample_003406,Hồ Ba Bể,3406,train
sample_003326,Hồ Ba Bể,3326,train
sample_003465,Hồ Ba Bể,3465,train
sample_003396,Hồ Ba Bể,3396,train
sample_003398,Hồ Ba Bể,3398,train
sample_003435,Hồ Ba Bể,3435,train
sample_003310,Hồ Ba Bể,3310,train
sample_003424,Hồ Ba Bể,3424,train
sample_003393,Hồ Ba Bể,3393,train
sample_003373,Hồ Ba Bể,3373,train
sample_003339,Hồ Ba Bể,3339,train
sample_003477,Hồ Ba Bể,3477,train
sample_003395,Hồ Ba Bể,3395,train
sample_003476,Hồ Ba Bể,3476,train
sample_003446,Hồ Ba Bể,3446,train
sample_003407,Hồ Ba Bể,3407,train
sample_003332,Hồ Ba Bể,3332,train
sample_003358,Hồ Ba Bể,3358,train
sample_003419,Hồ Ba Bể,3419,train
sample_003432,Hồ Ba Bể,3432,train
sample_003323,Hồ Ba Bể,3323,train
sample_003466,Hồ Ba Bể,3466,train
sample_003305,Hồ Ba Bể,3305,train
sample_003438,Hồ Ba Bể,3438,train
sample_003324,Hồ Ba Bể,3324,train
sample_003418,Hồ Ba Bể,3418,train
sample_003445,Hồ Ba Bể,3445,train
sample_003423,Hồ Ba Bể,3423,train
sample_003464,Hồ Ba Bể,3464,train
sample_003319,Hồ Ba Bể,3319,train
sample_003377,Hồ Ba Bể,3377,train
sample_003382,Hồ Ba Bể,3382,train
sample_003376,Hồ Ba Bể,3376,train
sample_003360,Hồ Ba Bể,3360,train
sample_003430,Hồ Ba Bể,3430,train
sample_003459,Hồ Ba Bể,3459,train
sample_003381,Hồ Ba Bể,3381,train
sample_003357,Hồ Ba Bể,3357,train
sample_003344,Hồ Ba Bể,3344,train
sample_003472,Hồ Ba Bể,3472,train
sample_003410,Hồ Ba Bể,3410,train
sample_003385,Hồ Ba Bể,3385,train
sample_003303,Hồ Ba Bể,3303,train
sample_003321,Hồ Ba Bể,3321,train
sample_003409,Hồ Ba Bể,3409,train
sample_003482,Hồ Ba Bể,3482,train
sample_003343,Hồ Ba Bể,3343,train
sample_003383,Hồ Ba Bể,3383,train
sample_003402,Hồ Ba Bể,3402,train
sample_003394,Hồ Ba Bể,3394,train
sample_003448,Hồ Ba Bể,3448,train
sample_003354,Hồ Ba Bể,3354,train
sample_003329,Hồ Ba Bể,3329,train
sample_003386,Hồ Ba Bể,3386,train
sample_003437,Hồ Ba Bể,3437,train
sample_003345,Hồ Ba Bể,3345,train
sample_003313,Hồ Ba Bể,3313,train
sample_003455,Hồ Ba Bể,3455,train
sample_003412,Hồ Ba Bể,3412,train
sample_003328,Hồ Ba Bể,3328,train
sample_003340,Hồ Ba Bể,3340,train
sample_003480,Hồ Ba Bể,3480,train
sample_003468,Hồ Ba Bể,3468,train
sample_003473,Hồ Ba Bể,3473,train
sample_003374,Hồ Ba Bể,3374,train
sample_003449,Hồ Ba Bể,3449,train
sample_003422,Hồ Ba Bể,3422,train
sample_003467,Hồ Ba Bể,3467,train
sample_003390,Hồ Ba Bể,3390,train
sample_003331,Hồ Ba Bể,3331,train
sample_003443,Hồ Ba Bể,3443,train
sample_003346,Hồ Ba Bể,3346,train
sample_003417,Hồ Ba Bể,3417,train
sample_003365,Hồ Ba Bể,3365,train
sample_003451,Hồ Ba Bể,3451,train
sample_003452,Hồ Ba Bể,3452,train
sample_003450,Hồ Ba Bể,3450,train
sample_003309,Hồ Ba Bể,3309,train
sample_003307,Hồ Ba Bể,3307,train
sample_003415,Hồ Ba Bể,3415,train
sample_003388,Hồ Ba Bể,3388,train
sample_003389,Hồ Ba Bể,3389,train
sample_003428,Hồ Ba Bể,3428,train
sample_003456,Hồ Ba Bể,3456,train
sample_003333,Hồ Ba Bể,3333,train
sample_003356,Hồ Ba Bể,3356,train
sample_003362,Hồ Ba Bể,3362,train
sample_003378,Hồ Ba Bể,3378,train
sample_003457,Hồ Ba Bể,3457,train
sample_003336,Hồ Ba Bể,3336,train
sample_003442,Hồ Ba Bể,3442,train
sample_003359,Hồ Ba Bể,3359,train
sample_003342,Hồ Ba Bể,3342,train
sample_003635,Hồ Gươm,3635,train
sample_003604,Hồ Gươm,3604,train
sample_003603,Hồ Gươm,3603,train
sample_003605,Hồ Gươm,3605,train
sample_003623,Hồ Gươm,3623,train
sample_003490,Hồ Gươm,3490,train
sample_003556,Hồ Gươm,3556,train
sample_003573,Hồ Gươm,3573,train
sample_003616,Hồ Gươm,3616,train
sample_003531,Hồ Gươm,3531,train
sample_003629,Hồ Gươm,3629,train
sample_003639,Hồ Gươm,3639,train
sample_003521,Hồ Gươm,3521,train
sample_003633,Hồ Gươm,3633,train
sample_003488,Hồ Gươm,3488,train
sample_003551,Hồ Gươm,3551,train
sample_003503,Hồ Gươm,3503,train
sample_003579,Hồ Gươm,3579,train
sample_003591,Hồ Gươm,3591,train
sample_003628,Hồ Gươm,3628,train
sample_003564,Hồ Gươm,3564,train
sample_003567,Hồ Gươm,3567,train
sample_003518,Hồ Gươm,3518,train
sample_003596,Hồ Gươm,3596,train
sample_003545,Hồ Gươm,3545,train
sample_003514,Hồ Gươm,3514,train
sample_003529,Hồ Gươm,3529,train
sample_003580,Hồ Gươm,3580,train
sample_003646,Hồ Gươm,3646,train
sample_003586,Hồ Gươm,3586,train
sample_003550,Hồ Gươm,3550,train
sample_003509,Hồ Gươm,3509,train
sample_003496,Hồ Gươm,3496,train
sample_003555,Hồ Gươm,3555,train
sample_003569,Hồ Gươm,3569,train
sample_003597,Hồ Gươm,3597,train
sample_003614,Hồ Gươm,3614,train
sample_003548,Hồ Gươm,3548,train
sample_003512,Hồ Gươm,3512,train
sample_003642,Hồ Gươm,3642,train
sample_003615,Hồ Gươm,3615,train
sample_003581,Hồ Gươm,3581,train
sample_003575,Hồ Gươm,3575,train
sample_003618,Hồ Gươm,3618,train
sample_003585,Hồ Gươm,3585,train
sample_003561,Hồ Gươm,3561,train
sample_003491,Hồ Gươm,3491,train
sample_003534,Hồ Gươm,3534,train
sample_003568,Hồ Gươm,3568,train
sample_003546,Hồ Gươm,3546,train
sample_003508,Hồ Gươm,3508,train
sample_003612,Hồ Gươm,3612,train
sample_003582,Hồ Gươm,3582,train
sample_003520,Hồ Gươm,3520,train
sample_003507,Hồ Gươm,3507,train
sample_003584,Hồ Gươm,3584,train
sample_003595,Hồ Gươm,3595,train
sample_003498,Hồ Gươm,3498,train
sample_003524,Hồ Gươm,3524,train
sample_003538,Hồ Gươm,3538,train
sample_003643,Hồ Gươm,3643,train
sample_003598,Hồ Gươm,3598,train
sample_003516,Hồ Gươm,3516,train
sample_003576,Hồ Gươm,3576,train
sample_003634,Hồ Gươm,3634,train
sample_003600,Hồ Gươm,3600,train
sample_003590,Hồ Gươm,3590,train
sample_003501,Hồ Gươm,3501,train
sample_003492,Hồ Gươm,3492,train
sample_003502,Hồ Gươm,3502,train
sample_003487,Hồ Gươm,3487,train
sample_003513,Hồ Gươm,3513,train
sample_003619,Hồ Gươm,3619,train
sample_003542,Hồ Gươm,3542,train
sample_003613,Hồ Gươm,3613,train
sample_003587,Hồ Gươm,3587,train
sample_003493,Hồ Gươm,3493,train
sample_003636,Hồ Gươm,3636,train
sample_003647,Hồ Gươm,3647,train
sample_003606,Hồ Gươm,3606,train
sample_003544,Hồ Gươm,3544,train
sample_003517,Hồ Gươm,3517,train
sample_003530,Hồ Gươm,3530,train
sample_003528,Hồ Gươm,3528,train
sample_003506,Hồ Gươm,3506,train
sample_003602,Hồ Gươm,3602,train
sample_003527,Hồ Gươm,3527,train
sample_003607,Hồ Gươm,3607,train
sample_003588,Hồ Gươm,3588,train
sample_003533,Hồ Gươm,3533,train
sample_003558,Hồ Gươm,3558,train
sample_003592,Hồ Gươm,3592,train
sample_003631,Hồ Gươm,3631,train
sample_003515,Hồ Gươm,3515,train
sample_003621,Hồ Gươm,3621,train
sample_003554,Hồ Gươm,3554,train
sample_003609,Hồ Gươm,3609,train
sample_003622,Hồ Gươm,3622,train
sample_003559,Hồ Gươm,3559,train
sample_003525,Hồ Gươm,3525,train
sample_003526,Hồ Gươm,3526,train
sample_003505,Hồ Gươm,3505,train
sample_003500,Hồ Gươm,3500,train
sample_003523,Hồ Gươm,3523,train
sample_003557,Hồ Gươm,3557,train
sample_003638,Hồ Gươm,3638,train
sample_003645,Hồ Gươm,3645,train
sample_003620,Hồ Gươm,3620,train
sample_003540,Hồ Gươm,3540,train
sample_003553,Hồ Gươm,3553,train
sample_003617,Hồ Gươm,3617,train
sample_003565,Hồ Gươm,3565,train
sample_003504,Hồ Gươm,3504,train
sample_003911,Landmark 81,3911,train
sample_003881,Landmark 81,3881,train
sample_003893,Landmark 81,3893,train
sample_003939,Landmark 81,3939,train
sample_003815,Landmark 81,3815,train
sample_003913,Landmark 81,3913,train
sample_003806,Landmark 81,3806,train
sample_003889,Landmark 81,3889,train
sample_003832,Landmark 81,3832,train
sample_003921,Landmark 81,3921,train
sample_003936,Landmark 81,3936,train
sample_003843,Landmark 81,3843,train
sample_003876,Landmark 81,3876,train
sample_003917,Landmark 81,3917,train
sample_003906,Landmark 81,3906,train
sample_003924,Landmark 81,3924,train
sample_003929,Landmark 81,3929,train
sample_003835,Landmark 81,3835,train
sample_003902,Landmark 81,3902,train
sample_003849,Landmark 81,3849,train
sample_003867,Landmark 81,3867,train
sample_003882,Landmark 81,3882,train
sample_003895,Landmark 81,3895,train
sample_003935,Landmark 81,3935,train
sample_003823,Landmark 81,3823,train
sample_003861,Landmark 81,3861,train
sample_003934,Landmark 81,3934,train
sample_003796,Landmark 81,3796,train
sample_003905,Landmark 81,3905,train
sample_003859,Landmark 81,3859,train
sample_003829,Landmark 81,3829,train
sample_003878,Landmark 81,3878,train
sample_003928,Landmark 81,3928,train
sample_003888,Landmark 81,3888,train
sample_003847,Landmark 81,3847,train
sample_003925,Landmark 81,3925,train
sample_003851,Landmark 81,3851,train
sample_003842,Landmark 81,3842,train
sample_003820,Landmark 81,3820,train
sample_003915,Landmark 81,3915,train
sample_003833,Landmark 81,3833,train
sample_003919,Landmark 81,3919,train
sample_003923,Landmark 81,3923,train
sample_003907,Landmark 81,3907,train
sample_003841,Landmark 81,3841,train
sample_003834,Landmark 81,3834,train
sample_003826,Landmark 81,3826,train
sample_003874,Landmark 81,3874,train
sample_003808,Landmark 81,3808,train
sample_003801,Landmark 81,3801,train
sample_003875,Landmark 81,3875,train
sample_003858,Landmark 81,3858,train
sample_003804,Landmark 81,3804,train
sample_003910,Landmark 81,3910,train
sample_003865,Landmark 81,3865,train
sample_003933,Landmark 81,3933,train
sample_003825,Landmark 81,3825,train
sample_003879,Landmark 81,3879,train
sample_003864,Landmark 81,3864,train
sample_003868,Landmark 81,3868,train
sample_003901,Landmark 81,3901,train
sample_003918,Landmark 81,3918,train
sample_003945,Landmark 81,3945,train
sample_003870,Landmark 81,3870,train
sample_003819,Landmark 81,3819,train
sample_003880,Landmark 81,3880,train
sample_003818,Landmark 81,3818,train
sample_003904,Landmark 81,3904,train
sample_003840,Landmark 81,3840,train
sample_003931,Landmark 81,3931,train
sample_003863,Landmark 81,3863,train
sample_003836,Landmark 81,3836,train
sample_003942,Landmark 81,3942,train
sample_003856,Landmark 81,3856,train
sample_003811,Landmark 81,3811,train
sample_003822,Landmark 81,3822,train
sample_003892,Landmark 81,3892,train
sample_003830,Landmark 81,3830,train
sample_003807,Landmark 81,3807,train
sample_003926,Landmark 81,3926,train
sample_003797,Landmark 81,3797,train
sample_003802,Landmark 81,3802,train
sample_003814,Landmark 81,3814,train
sample_003799,Landmark 81,3799,train
sample_003930,Landmark 81,3930,train
sample_003872,Landmark 81,3872,train
sample_003920,Landmark 81,3920,train
sample_003809,Landmark 81,3809,train
sample_003898,Landmark 81,3898,train
sample_003827,Landmark 81,3827,train
sample_003885,Landmark 81,3885,train
sample_003805,Landmark 81,3805,train
sample_003884,Landmark 81,3884,train
sample_003853,Landmark 81,3853,train
sample_003846,Landmark 81,3846,train
sample_003845,Landmark 81,3845,train
sample_003798,Landmark 81,3798,train
sample_003943,Landmark 81,3943,train
sample_003899,Landmark 81,3899,train
sample_003866,Landmark 81,3866,train
sample_003941,Landmark 81,3941,train
sample_003912,Landmark 81,3912,train
sample_003837,Landmark 81,3837,train
sample_003890,Landmark 81,3890,train
sample_003908,Landmark 81,3908,train
sample_004044,Lăng Chủ Tịch Hồ Chí Minh,4044,train
sample_004089,Lăng Chủ Tịch Hồ Chí Minh,4089,train
sample_003997,Lăng Chủ Tịch Hồ Chí Minh,3997,train
sample_004010,Lăng Chủ Tịch Hồ Chí Minh,4010,train
sample_004007,Lăng Chủ Tịch Hồ Chí Minh,4007,train
sample_004017,Lăng Chủ Tịch Hồ Chí Minh,4017,train
sample_004090,Lăng Chủ Tịch Hồ Chí Minh,4090,train
sample_004046,Lăng Chủ Tịch Hồ Chí Minh,4046,train
sample_004068,Lăng Chủ Tịch Hồ Chí Minh,4068,train
sample_004051,Lăng Chủ Tịch Hồ Chí Minh,4051,train
sample_003952,Lăng Chủ Tịch Hồ Chí Minh,3952,train
sample_004086,Lăng Chủ Tịch Hồ Chí Minh,4086,train
sample_004016,Lăng Chủ Tịch Hồ Chí Minh,4016,train
sample_003980,Lăng Chủ Tịch Hồ Chí Minh,3980,train
sample_004035,Lăng Chủ Tịch Hồ Chí Minh,4035,train
sample_003993,Lăng Chủ Tịch Hồ Chí Minh,3993,train
sample_004018,Lăng Chủ Tịch Hồ Chí Minh,4018,train
sample_004074,Lăng Chủ Tịch Hồ Chí Minh,4074,train
sample_004026,Lăng Chủ Tịch Hồ Chí Minh,4026,train
sample_003966,Lăng Chủ Tịch Hồ Chí Minh,3966,train
sample_003992,Lăng Chủ Tịch Hồ Chí Minh,3992,train
sample_003996,Lăng Chủ Tịch Hồ Chí Minh,3996,train
sample_004038,Lăng Chủ Tịch Hồ Chí Minh,4038,train
sample_003958,Lăng Chủ Tịch Hồ Chí Minh,3958,train
sample_003974,Lăng Chủ Tịch Hồ Chí Minh,3974,train
sample_004019,Lăng Chủ Tịch Hồ Chí Minh,4019,train
sample_003981,Lăng Chủ Tịch Hồ Chí Minh,3981,train
sample_004087,Lăng Chủ Tịch Hồ Chí Minh,4087,train
sample_003990,Lăng Chủ Tịch Hồ Chí Minh,3990,train
sample_004057,Lăng Chủ Tịch Hồ Chí Minh,4057,train
sample_004098,Lăng Chủ Tịch Hồ Chí Minh,4098,train
sample_004095,Lăng Chủ Tịch Hồ Chí Minh,4095,train
sample_003950,Lăng Chủ Tịch Hồ Chí Minh,3950,train
sample_003970,Lăng Chủ Tịch Hồ Chí Minh,3970,train
sample_004053,Lăng Chủ Tịch Hồ Chí Minh,4053,train
sample_003991,Lăng Chủ Tịch Hồ Chí Minh,3991,train
sample_004083,Lăng Chủ Tịch Hồ Chí Minh,4083,train
sample_004091,Lăng Chủ Tịch Hồ Chí Minh,4091,train
sample_004096,Lăng Chủ Tịch Hồ Chí Minh,4096,train
sample_004085,Lăng Chủ Tịch Hồ Chí Minh,4085,train
sample_003946,Lăng Chủ Tịch Hồ Chí Minh,3946,train
sample_003953,Lăng Chủ Tịch Hồ Chí Minh,3953,train
sample_004033,Lăng Chủ Tịch Hồ Chí Minh,4033,train
sample_004015,Lăng Chủ Tịch Hồ Chí Minh,4015,train
sample_004022,Lăng Chủ Tịch Hồ Chí Minh,4022,train
sample_004030,Lăng Chủ Tịch Hồ Chí Minh,4030,train
sample_004032,Lăng Chủ Tịch Hồ Chí Minh,4032,train
sample_003973,Lăng Chủ Tịch Hồ Chí Minh,3973,train
sample_003955,Lăng Chủ Tịch Hồ Chí Minh,3955,train
sample_004078,Lăng Chủ Tịch Hồ Chí Minh,4078,train
sample_003999,Lăng Chủ Tịch Hồ Chí Minh,3999,train
sample_004052,Lăng Chủ Tịch Hồ Chí Minh,4052,train
sample_004054,Lăng Chủ Tịch Hồ Chí Minh,4054,train
sample_003976,Lăng Chủ Tịch Hồ Chí Minh,3976,train
sample_004047,Lăng Chủ Tịch Hồ Chí Minh,4047,train
sample_004073,Lăng Chủ Tịch Hồ Chí Minh,4073,train
sample_004079,Lăng Chủ Tịch Hồ Chí Minh,4079,train
sample_004024,Lăng Chủ Tịch Hồ Chí Minh,4024,train
sample_003984,Lăng Chủ Tịch Hồ Chí Minh,3984,train
sample_004059,Lăng Chủ Tịch Hồ Chí Minh,4059,train
sample_004004,Lăng Chủ Tịch Hồ Chí Minh,4004,train
sample_004080,Lăng Chủ Tịch Hồ Chí Minh,4080,train
sample_003961,Lăng Chủ Tịch Hồ Chí Minh,3961,train
sample_004064,Lăng Chủ Tịch Hồ Chí Minh,4064,train
sample_003977,Lăng Chủ Tịch Hồ Chí Minh,3977,train
sample_004084,Lăng Chủ Tịch Hồ Chí Minh,4084,train
sample_004093,Lăng Chủ Tịch Hồ Chí Minh,4093,train
sample_004000,Lăng Chủ Tịch Hồ Chí Minh,4000,train
sample_003949,Lăng Chủ Tịch Hồ Chí Minh,3949,train
sample_004060,Lăng Chủ Tịch Hồ Chí Minh,4060,train
sample_003951,Lăng Chủ Tịch Hồ Chí Minh,3951,train
sample_004041,Lăng Chủ Tịch Hồ Chí Minh,4041,train
sample_003948,Lăng Chủ Tịch Hồ Chí Minh,3948,train
sample_004009,Lăng Chủ Tịch Hồ Chí Minh,4009,train
sample_004045,Lăng Chủ Tịch Hồ Chí Minh,4045,train
sample_004092,Lăng Chủ Tịch Hồ Chí Minh,4092,train
sample_004042,Lăng Chủ Tịch Hồ Chí Minh,4042,train
sample_004056,Lăng Chủ Tịch Hồ Chí Minh,4056,train
sample_004040,Lăng Chủ Tịch Hồ Chí Minh,4040,train
sample_003994,Lăng Chủ Tịch Hồ Chí Minh,3994,train
sample_004021,Lăng Chủ Tịch Hồ Chí Minh,4021,train
sample_004002,Lăng Chủ Tịch Hồ Chí Minh,4002,train
sample_004036,Lăng Chủ Tịch Hồ Chí Minh,4036,train
sample_004055,Lăng Chủ Tịch Hồ Chí Minh,4055,train
sample_004069,Lăng Chủ Tịch Hồ Chí Minh,4069,train
sample_004043,Lăng Chủ Tịch Hồ Chí Minh,4043,train
sample_004025,Lăng Chủ Tịch Hồ Chí Minh,4025,train
sample_004081,Lăng Chủ Tịch Hồ Chí Minh,4081,train
sample_003986,Lăng Chủ Tịch Hồ Chí Minh,3986,train
sample_003965,Lăng Chủ Tịch Hồ Chí Minh,3965,train
sample_003985,Lăng Chủ Tịch Hồ Chí Minh,3985,train
sample_004076,Lăng Chủ Tịch Hồ Chí Minh,4076,train
sample_003969,Lăng Chủ Tịch Hồ Chí Minh,3969,train
sample_004058,Lăng Chủ Tịch Hồ Chí Minh,4058,train
sample_003968,Lăng Chủ Tịch Hồ Chí Minh,3968,train
sample_004031,Lăng Chủ Tịch Hồ Chí Minh,4031,train
sample_004034,Lăng Chủ Tịch Hồ Chí Minh,4034,train
sample_004077,Lăng Chủ Tịch Hồ Chí Minh,4077,train
sample_004065,Lăng Chủ Tịch Hồ Chí Minh,4065,train
sample_003978,Lăng Chủ Tịch Hồ Chí Minh,3978,train
sample_004011,Lăng Chủ Tịch Hồ Chí Minh,4011,train
sample_004039,Lăng Chủ Tịch Hồ Chí Minh,4039,train
sample_003983,Lăng Chủ Tịch Hồ Chí Minh,3983,train
sample_004082,Lăng Chủ Tịch Hồ Chí Minh,4082,train
sample_004071,Lăng Chủ Tịch Hồ Chí Minh,4071,train
sample_003963,Lăng Chủ Tịch Hồ Chí Minh,3963,train
sample_004050,Lăng Chủ Tịch Hồ Chí Minh,4050,train
sample_004285,Mù Cang Chải,4285,train
sample_004146,Mù Cang Chải,4146,train
sample_004128,Mù Cang Chải,4128,train
sample_004283,Mù Cang Chải,4283,train
sample_004252,Mù Cang Chải,4252,train
sample_004250,Mù Cang Chải,4250,train
sample_004179,Mù Cang Chải,4179,train
sample_004236,Mù Cang Chải,4236,train
sample_004170,Mù Cang Chải,4170,train
sample_004237,Mù Cang Chải,4237,train
sample_004118,Mù Cang Chải,4118,train
sample_004228,Mù Cang Chải,4228,train
sample_004218,Mù Cang Chải,4218,train
sample_004291,Mù Cang Chải,4291,train
sample_004254,Mù Cang Chải,4254,train
sample_004241,Mù Cang Chải,4241,train
sample_004216,Mù Cang Chải,4216,train
sample_004213,Mù Cang Chải,4213,train
sample_004295,Mù Cang Chải,4295,train
sample_004171,Mù Cang Chải,4171,train
sample_004219,Mù Cang Chải,4219,train
sample_004132,Mù Cang Chải,4132,train
sample_004224,Mù Cang Chải,4224,train
sample_004109,Mù Cang Chải,4109,train
sample_004165,Mù Cang Chải,4165,train
sample_004129,Mù Cang Chải,4129,train
sample_004232,Mù Cang Chải,4232,train
sample_004288,Mù Cang Chải,4288,train
sample_004274,Mù Cang Chải,4274,train
sample_004266,Mù Cang Chải,4266,train
sample_004231,Mù Cang Chải,4231,train
sample_004151,Mù Cang Chải,4151,train
sample_004217,Mù Cang Chải,4217,train
sample_004292,Mù Cang Chải,4292,train
sample_004155,Mù Cang Chải,4155,train
sample_004225,Mù Cang Chải,4225,train
sample_004226,Mù Cang Chải,4226,train
sample_004106,Mù Cang Chải,4106,train
sample_004125,Mù Cang Chải,4125,train
sample_004121,Mù Cang Chải,4121,train
sample_004246,Mù Cang Chải,4246,train
sample_004185,Mù Cang Chải,4185,train
sample_004144,Mù Cang Chải,4144,train
sample_004176,Mù Cang Chải,4176,train
sample_004289,Mù Cang Chải,4289,train
sample_004249,Mù Cang Chải,4249,train
sample_004177,Mù Cang Chải,4177,train
sample_004115,Mù Cang Chải,4115,train
sample_004281,Mù Cang Chải,4281,train
sample_004180,Mù Cang Chải,4180,train
sample_004197,Mù Cang Chải,4197,train
sample_004163,Mù Cang Chải,4163,train
sample_004244,Mù Cang Chải,4244,train
sample_004104,Mù Cang Chải,4104,train
sample_004253,Mù Cang Chải,4253,train
sample_004264,Mù Cang Chải,4264,train
sample_004157,Mù Cang Chải,4157,train
sample_004164,Mù Cang Chải,4164,train
sample_004199,Mù Cang Chải,4199,train
sample_004167,Mù Cang Chải,4167,train
sample_004166,Mù Cang Chải,4166,train
sample_004278,Mù Cang Chải,4278,train
sample_004175,Mù Cang Chải,4175,train
sample_004100,Mù Cang Chải,4100,train
sample_004247,Mù Cang Chải,4247,train
sample_004103,Mù Cang Chải,4103,train
sample_004214,Mù Cang Chải,4214,train
sample_004188,Mù Cang Chải,4188,train
sample_004168,Mù Cang Chải,4168,train
sample_004189,Mù Cang Chải,4189,train
sample_004154,Mù Cang Chải,4154,train
sample_004133,Mù Cang Chải,4133,train
sample_004223,Mù Cang Chải,4223,train
sample_004270,Mù Cang Chải,4270,train
sample_004192,Mù Cang Chải,4192,train
sample_004290,Mù Cang Chải,4290,train
sample_004284,Mù Cang Chải,4284,train
sample_004196,Mù Cang Chải,4196,train
sample_004296,Mù Cang Chải,4296,train
sample_004230,Mù Cang Chải,4230,train
sample_004169,Mù Cang Chải,4169,train
sample_004183,Mù Cang Chải,4183,train
sample_004205,Mù Cang Chải,4205,train
sample_004263,Mù Cang Chải,4263,train
sample_004276,Mù Cang Chải,4276,train
sample_004206,Mù Cang Chải,4206,train
sample_004256,Mù Cang Chải,4256,train
sample_004229,Mù Cang Chải,4229,train
sample_004269,Mù Cang Chải,4269,train
sample_004248,Mù Cang Chải,4248,train
sample_004238,Mù Cang Chải,4238,train
sample_004113,Mù Cang Chải,4113,train
sample_004212,Mù Cang Chải,4212,train
sample_004181,Mù Cang Chải,4181,train
sample_004116,Mù Cang Chải,4116,train
sample_004200,Mù Cang Chải,4200,train
sample_004105,Mù Cang Chải,4105,train
sample_004235,Mù Cang Chải,4235,train
sample_004275,Mù Cang Chải,4275,train
sample_004190,Mù Cang Chải,4190,train
sample_004201,Mù Cang Chải,4201,train
sample_004139,Mù Cang Chải,4139,train
sample_004134,Mù Cang Chải,4134,train
sample_004159,Mù Cang Chải,4159,train
sample_004193,Mù Cang Chải,4193,train
sample_004137,Mù Cang Chải,4137,train
sample_004182,Mù Cang Chải,4182,train
sample_004211,Mù Cang Chải,4211,train
sample_004111,Mù Cang Chải,4111,train
sample_004153,Mù Cang Chải,4153,train
sample_004150,Mù Cang Chải,4150,train
sample_004131,Mù Cang Chải,4131,train
sample_004187,Mù Cang Chải,4187,train
sample_004114,Mù Cang Chải,4114,train
sample_004112,Mù Cang Chải,4112,train
sample_004209,Mù Cang Chải,4209,train
sample_004152,Mù Cang Chải,4152,train
sample_004102,Mù Cang Chải,4102,train
sample_004208,Mù Cang Chải,4208,train
sample_004142,Mù Cang Chải,4142,train
sample_004160,Mù Cang Chải,4160,train
sample_004233,Mù Cang Chải,4233,train
sample_004265,Mù Cang Chải,4265,train
sample_004220,Mù Cang Chải,4220,train
sample_004148,Mù Cang Chải,4148,train
sample_004127,Mù Cang Chải,4127,train
sample_004178,Mù Cang Chải,4178,train
sample_004173,Mù Cang Chải,4173,train
sample_004123,Mù Cang Chải,4123,train
sample_004251,Mù Cang Chải,4251,train
sample_004286,Mù Cang Chải,4286,train
sample_004279,Mù Cang Chải,4279,train
sample_004101,Mù Cang Chải,4101,train
sample_004259,Mù Cang Chải,4259,train
sample_004242,Mù Cang Chải,4242,train
sample_004195,Mù Cang Chải,4195,train
sample_004158,Mù Cang Chải,4158,train
sample_004191,Mù Cang Chải,4191,train
sample_004490,Ngũ Hành Sơn,4490,train
sample_004334,Ngũ Hành Sơn,4334,train
sample_004346,Ngũ Hành Sơn,4346,train
sample_004316,Ngũ Hành Sơn,4316,train
sample_004421,Ngũ Hành Sơn,4421,train
sample_004481,Ngũ Hành Sơn,4481,train
sample_004404,Ngũ Hành Sơn,4404,train
sample_004390,Ngũ Hành Sơn,4390,train
sample_004448,Ngũ Hành Sơn,4448,train
sample_004344,Ngũ Hành Sơn,4344,train
sample_004488,Ngũ Hành Sơn,4488,train
sample_004475,Ngũ Hành Sơn,4475,train
sample_004496,Ngũ Hành Sơn,4496,train
sample_004433,Ngũ Hành Sơn,4433,train
sample_004325,Ngũ Hành Sơn,4325,train
sample_004427,Ngũ Hành Sơn,4427,train
sample_004484,Ngũ Hành Sơn,4484,train
sample_004313,Ngũ Hành Sơn,4313,train
sample_004311,Ngũ Hành Sơn,4311,train
sample_004425,Ngũ Hành Sơn,4425,train
sample_004360,Ngũ Hành Sơn,4360,train
sample_004483,Ngũ Hành Sơn,4483,train
sample_004342,Ngũ Hành Sơn,4342,train
sample_004366,Ngũ Hành Sơn,4366,train
sample_004395,Ngũ Hành Sơn,4395,train
sample_004365,Ngũ Hành Sơn,4365,train
sample_004397,Ngũ Hành Sơn,4397,train
sample_004487,Ngũ Hành Sơn,4487,train
sample_004374,Ngũ Hành Sơn,4374,train
sample_004351,Ngũ Hành Sơn,4351,train
sample_004392,Ngũ Hành Sơn,4392,train
sample_004322,Ngũ Hành Sơn,4322,train
sample_004416,Ngũ Hành Sơn,4416,train
sample_004401,Ngũ Hành Sơn,4401,train
sample_004409,Ngũ Hành Sơn,4409,train
sample_004364,Ngũ Hành Sơn,4364,train
sample_004403,Ngũ Hành Sơn,4403,train
sample_004466,Ngũ Hành Sơn,4466,train
sample_004321,Ngũ Hành Sơn,4321,train
sample_004432,Ngũ Hành Sơn,4432,train
sample_004493,Ngũ Hành Sơn,4493,train
sample_004411,Ngũ Hành Sơn,4411,train
sample_004473,Ngũ Hành Sơn,4473,train
sample_004389,Ngũ Hành Sơn,4389,train
sample_004324,Ngũ Hành Sơn,4324,train
sample_004467,Ngũ Hành Sơn,4467,train
sample_004387,Ngũ Hành Sơn,4387,train
sample_004458,Ngũ Hành Sơn,4458,train
sample_004482,Ngũ Hành Sơn,4482,train
sample_004434,Ngũ Hành Sơn,4434,train
sample_004332,Ngũ Hành Sơn,4332,train
sample_004428,Ngũ Hành Sơn,4428,train
sample_004314,Ngũ Hành Sơn,4314,train
sample_004468,Ngũ Hành Sơn,4468,train
sample_004418,Ngũ Hành Sơn,4418,train
sample_004307,Ngũ Hành Sơn,4307,train
sample_004362,Ngũ Hành Sơn,4362,train
sample_004470,Ngũ Hành Sơn,4470,train
sample_004381,Ngũ Hành Sơn,4381,train
sample_004399,Ngũ Hành Sơn,4399,train
sample_004386,Ngũ Hành Sơn,4386,train
sample_004426,Ngũ Hành Sơn,4426,train
sample_004353,Ngũ Hành Sơn,4353,train
sample_004384,Ngũ Hành Sơn,4384,train
sample_004485,Ngũ Hành Sơn,4485,train
sample_004379,Ngũ Hành Sơn,4379,train
sample_004410,Ngũ Hành Sơn,4410,train
sample_004309,Ngũ Hành Sơn,4309,train
sample_004319,Ngũ Hành Sơn,4319,train
sample_004315,Ngũ Hành Sơn,4315,train
sample_004317,Ngũ Hành Sơn,4317,train
sample_004393,Ngũ Hành Sơn,4393,train
sample_004445,Ngũ Hành Sơn,4445,train
sample_004479,Ngũ Hành Sơn,4479,train
sample_004465,Ngũ Hành Sơn,4465,train
sample_004400,Ngũ Hành Sơn,4400,train
sample_004456,Ngũ Hành Sơn,4456,train
sample_004477,Ngũ Hành Sơn,4477,train
sample_004438,Ngũ Hành Sơn,4438,train
sample_004414,Ngũ Hành Sơn,4414,train
sample_004419,Ngũ Hành Sơn,4419,train
sample_004439,Ngũ Hành Sơn,4439,train
sample_004405,Ngũ Hành Sơn,4405,train
sample_004336,Ngũ Hành Sơn,4336,train
sample_004357,Ngũ Hành Sơn,4357,train
sample_004471,Ngũ Hành Sơn,4471,train
sample_004302,Ngũ Hành Sơn,4302,train
sample_004358,Ngũ Hành Sơn,4358,train
sample_004370,Ngũ Hành Sơn,4370,train
sample_004459,Ngũ Hành Sơn,4459,train
sample_004469,Ngũ Hành Sơn,4469,train
sample_004489,Ngũ Hành Sơn,4489,train
sample_004347,Ngũ Hành Sơn,4347,train
sample_004460,Ngũ Hành Sơn,4460,train
sample_004297,Ngũ Hành Sơn,4297,train
sample_004415,Ngũ Hành Sơn,4415,train
sample_004474,Ngũ Hành Sơn,4474,train
sample_004450,Ngũ Hành Sơn,4450,train
sample_004335,Ngũ Hành Sơn,4335,train
sample_004312,Ngũ Hành Sơn,4312,train
sample_004402,Ngũ Hành Sơn,4402,train
sample_004451,Ngũ Hành Sơn,4451,train
sample_004310,Ngũ Hành Sơn,4310,train
sample_004423,Ngũ Hành Sơn,4423,train
sample_004444,Ngũ Hành Sơn,4444,train
sample_004301,Ngũ Hành Sơn,4301,train
sample_004305,Ngũ Hành Sơn,4305,train
sample_004454,Ngũ Hành Sơn,4454,train
sample_004492,Ngũ Hành Sơn,4492,train
sample_004476,Ngũ Hành Sơn,4476,train
sample_004388,Ngũ Hành Sơn,4388,train
sample_004441,Ngũ Hành Sơn,4441,train
sample_004304,Ngũ Hành Sơn,4304,train
sample_004372,Ngũ Hành Sơn,4372,train
sample_004443,Ngũ Hành Sơn,4443,train
sample_004394,Ngũ Hành Sơn,4394,train
sample_004318,Ngũ Hành Sơn,4318,train
sample_004345,Ngũ Hành Sơn,4345,train
sample_004440,Ngũ Hành Sơn,4440,train
sample_004303,Ngũ Hành Sơn,4303,train
sample_004449,Ngũ Hành Sơn,4449,train
sample_004354,Ngũ Hành Sơn,4354,train
sample_004330,Ngũ Hành Sơn,4330,train
sample_004376,Ngũ Hành Sơn,4376,train
sample_004463,Ngũ Hành Sơn,4463,train
sample_004430,Ngũ Hành Sơn,4430,train
sample_004371,Ngũ Hành Sơn,4371,train
sample_004398,Ngũ Hành Sơn,4398,train
sample_004323,Ngũ Hành Sơn,4323,train
sample_004420,Ngũ Hành Sơn,4420,train
sample_004306,Ngũ Hành Sơn,4306,train
sample_004461,Ngũ Hành Sơn,4461,train
sample_004480,Ngũ Hành Sơn,4480,train
sample_004412,Ngũ Hành Sơn,4412,train
sample_004377,Ngũ Hành Sơn,4377,train
sample_004383,Ngũ Hành Sơn,4383,train
sample_004369,Ngũ Hành Sơn,4369,train
sample_004343,Ngũ Hành Sơn,4343,train
sample_004337,Ngũ Hành Sơn,4337,train
sample_004326,Ngũ Hành Sơn,4326,train
sample_004520,Nhà Thờ Đức Bà,4520,train
sample_004613,Nhà Thờ Đức Bà,4613,train
sample_004683,Nhà Thờ Đức Bà,4683,train
sample_004673,Nhà Thờ Đức Bà,4673,train
sample_004559,Nhà Thờ Đức Bà,4559,train
sample_004619,Nhà Thờ Đức Bà,4619,train
sample_004624,Nhà Thờ Đức Bà,4624,train
sample_004648,Nhà Thờ Đức Bà,4648,train
sample_004513,Nhà Thờ Đức Bà,4513,train
sample_004653,Nhà Thờ Đức Bà,4653,train
sample_004646,Nhà Thờ Đức Bà,4646,train
sample_004515,Nhà Thờ Đức Bà,4515,train
sample_004652,Nhà Thờ Đức Bà,4652,train
sample_004631,Nhà Thờ Đức Bà,4631,train
sample_004567,Nhà Thờ Đức Bà,4567,train
sample_004625,Nhà Thờ Đức Bà,4625,train
sample_004543,Nhà Thờ Đức Bà,4543,train
sample_004640,Nhà Thờ Đức Bà,4640,train
sample_004525,Nhà Thờ Đức Bà,4525,train
sample_004647,Nhà Thờ Đức Bà,4647,train
sample_004621,Nhà Thờ Đức Bà,4621,train
sample_004595,Nhà Thờ Đức Bà,4595,train
sample_004606,Nhà Thờ Đức Bà,4606,train
sample_004612,Nhà Thờ Đức Bà,4612,train
sample_004657,Nhà Thờ Đức Bà,4657,train
sample_004675,Nhà Thờ Đức Bà,4675,train
sample_004558,Nhà Thờ Đức Bà,4558,train
sample_004623,Nhà Thờ Đức Bà,4623,train
sample_004502,Nhà Thờ Đức Bà,4502,train
sample_004561,Nhà Thờ Đức Bà,4561,train
sample_004649,Nhà Thờ Đức Bà,4649,train
sample_004575,Nhà Thờ Đức Bà,4575,train
sample_004593,Nhà Thờ Đức Bà,4593,train
sample_004539,Nhà Thờ Đức Bà,4539,train
sample_004660,Nhà Thờ Đức Bà,4660,train
sample_004519,Nhà Thờ Đức Bà,4519,train
sample_004678,Nhà Thờ Đức Bà,4678,train
sample_004504,Nhà Thờ Đức Bà,4504,train
sample_004518,Nhà Thờ Đức Bà,4518,train
sample_004676,Nhà Thờ Đức Bà,4676,train
sample_004615,Nhà Thờ Đức Bà,4615,train
sample_004680,Nhà Thờ Đức Bà,4680,train
sample_004658,Nhà Thờ Đức Bà,4658,train
sample_004545,Nhà Thờ Đức Bà,4545,train
sample_004643,Nhà Thờ Đức Bà,4643,train
sample_004597,Nhà Thờ Đức Bà,4597,train
sample_004506,Nhà Thờ Đức Bà,4506,train
sample_004655,Nhà Thờ Đức Bà,4655,train
sample_004564,Nhà Thờ Đức Bà,4564,train
sample_004499,Nhà Thờ Đức Bà,4499,train
sample_004514,Nhà Thờ Đức Bà,4514,train
sample_004629,Nhà Thờ Đức Bà,4629,train
sample_004637,Nhà Thờ Đức Bà,4637,train
sample_004596,Nhà Thờ Đức Bà,4596,train
sample_004577,Nhà Thờ Đức Bà,4577,train
sample_004587,Nhà Thờ Đức Bà,4587,train
sample_004531,Nhà Thờ Đức Bà,4531,train
sample_004636,Nhà Thờ Đức Bà,4636,train
sample_004568,Nhà Thờ Đức Bà,4568,train
sample_004582,Nhà Thờ Đức Bà,4582,train
sample_004684,Nhà Thờ Đức Bà,4684,train
sample_004604,Nhà Thờ Đức Bà,4604,train
sample_004635,Nhà Thờ Đức Bà,4635,train
sample_004620,Nhà Thờ Đức Bà,4620,train
sample_004588,Nhà Thờ Đức Bà,4588,train
sample_004512,Nhà Thờ Đức Bà,4512,train
sample_004570,Nhà Thờ Đức Bà,4570,train
sample_004600,Nhà Thờ Đức Bà,4600,train
sample_004534,Nhà Thờ Đức Bà,4534,train
sample_004633,Nhà Thờ Đức Bà,4633,train
sample_004507,Nhà Thờ Đức Bà,4507,train
sample_004627,Nhà Thờ Đức Bà,4627,train
sample_004611,Nhà Thờ Đức Bà,4611,train
sample_004528,Nhà Thờ Đức Bà,4528,train
sample_004573,Nhà Thờ Đức Bà,4573,train
sample_004579,Nhà Thờ Đức Bà,4579,train
sample_004557,Nhà Thờ Đức Bà,4557,train
sample_004554,Nhà Thờ Đức Bà,4554,train
sample_004670,Nhà Thờ Đức Bà,4670,train
sample_004634,Nhà Thờ Đức Bà,4634,train
sample_004508,Nhà Thờ Đức Bà,4508,train
sample_004546,Nhà Thờ Đức Bà,4546,train
sample_004591,Nhà Thờ Đức Bà,4591,train
sample_004556,Nhà Thờ Đức Bà,4556,train
sample_004622,Nhà Thờ Đức Bà,4622,train
sample_004603,Nhà Thờ Đức Bà,4603,train
sample_004592,Nhà Thờ Đức Bà,4592,train
sample_004511,Nhà Thờ Đức Bà,4511,train
sample_004626,Nhà Thờ Đức Bà,4626,train
sample_004549,Nhà Thờ Đức Bà,4549,train
sample_004551,Nhà Thờ Đức Bà,4551,train
sample_004644,Nhà Thờ Đức Bà,4644,train
sample_004650,Nhà Thờ Đức Bà,4650,train
sample_004661,Nhà Thờ Đức Bà,4661,train
sample_004571,Nhà Thờ Đức Bà,4571,train
sample_004555,Nhà Thờ Đức Bà,4555,train
sample_004656,Nhà Thờ Đức Bà,4656,train
sample_004614,Nhà Thờ Đức Bà,4614,train
sample_004677,Nhà Thờ Đức Bà,4677,train
sample_004529,Nhà Thờ Đức Bà,4529,train
sample_004685,Nhà Thờ Đức Bà,4685,train
sample_004517,Nhà Thờ Đức Bà,4517,train
sample_004671,Nhà Thờ Đức Bà,4671,train
sample_004617,Nhà Thờ Đức Bà,4617,train
sample_004607,Nhà Thờ Đức Bà,4607,train
sample_004544,Nhà Thờ Đức Bà,4544,train
sample_004638,Nhà Thờ Đức Bà,4638,train
sample_004585,Nhà Thờ Đức Bà,4585,train
sample_004609,Nhà Thờ Đức Bà,4609,train
sample_004552,Nhà Thờ Đức Bà,4552,train
sample_004654,Nhà Thờ Đức Bà,4654,train
sample_004542,Nhà Thờ Đức Bà,4542,train
sample_004679,Nhà Thờ Đức Bà,4679,train
sample_004522,Nhà Thờ Đức Bà,4522,train
sample_004630,Nhà Thờ Đức Bà,4630,train
sample_004532,Nhà Thờ Đức Bà,4532,train
sample_004578,Nhà Thờ Đức Bà,4578,train
sample_004632,Nhà Thờ Đức Bà,4632,train
sample_004645,Nhà Thờ Đức Bà,4645,train
sample_004605,Nhà Thờ Đức Bà,4605,train
sample_004498,Nhà Thờ Đức Bà,4498,train
sample_004565,Nhà Thờ Đức Bà,4565,train
sample_004642,Nhà Thờ Đức Bà,4642,train
sample_004608,Nhà Thờ Đức Bà,4608,train
sample_004667,Nhà Thờ Đức Bà,4667,train
sample_004686,Nhà Thờ Đức Bà,4686,train
sample_004524,Nhà Thờ Đức Bà,4524,train
sample_004535,Nhà Thờ Đức Bà,4535,train
sample_004590,Nhà Thờ Đức Bà,4590,train
sample_004501,Nhà Thờ Đức Bà,4501,train
sample_004599,Nhà Thờ Đức Bà,4599,train
sample_004662,Nhà Thờ Đức Bà,4662,train
sample_004681,Nhà Thờ Đức Bà,4681,train
sample_004537,Nhà Thờ Đức Bà,4537,train
sample_004766,Núi Bà Đen,4766,train
sample_004851,Núi Bà Đen,4851,train
sample_004745,Núi Bà Đen,4745,train
sample_004713,Núi Bà Đen,4713,train
sample_004784,Núi Bà Đen,4784,train
sample_004770,Núi Bà Đen,4770,train
sample_004759,Núi Bà Đen,4759,train
sample_004755,Núi Bà Đen,4755,train
sample_004788,Núi Bà Đen,4788,train
sample_004738,Núi Bà Đen,4738,train
sample_004810,Núi Bà Đen,4810,train
sample_004695,Núi Bà Đen,4695,train
sample_004806,Núi Bà Đen,4806,train
sample_004818,Núi Bà Đen,4818,train
sample_004814,Núi Bà Đen,4814,train
sample_004720,Núi Bà Đen,4720,train
sample_004760,Núi Bà Đen,4760,train
sample_004852,Núi Bà Đen,4852,train
sample_004787,Núi Bà Đen,4787,train
sample_004700,Núi Bà Đen,4700,train
sample_004775,Núi Bà Đen,4775,train
sample_004741,Núi Bà Đen,4741,train
sample_004854,Núi Bà Đen,4854,train
sample_004693,Núi Bà Đen,4693,train
sample_004835,Núi Bà Đen,4835,train
sample_004750,Núi Bà Đen,4750,train
sample_004826,Núi Bà Đen,4826,train
sample_004726,Núi Bà Đen,4726,train
sample_004729,Núi Bà Đen,4729,train
sample_004740,Núi Bà Đen,4740,train
sample_004782,Núi Bà Đen,4782,train
sample_004777,Núi Bà Đen,4777,train
sample_004772,Núi Bà Đen,4772,train
sample_004719,Núi Bà Đen,4719,train
sample_004737,Núi Bà Đen,4737,train
sample_004815,Núi Bà Đen,4815,train
sample_004855,Núi Bà Đen,4855,train
sample_004801,Núi Bà Đen,4801,train
sample_004758,Núi Bà Đen,4758,train
sample_004730,Núi Bà Đen,4730,train
sample_004744,Núi Bà Đen,4744,train
sample_004748,Núi Bà Đen,4748,train
sample_004691,Núi Bà Đen,4691,train
sample_004722,Núi Bà Đen,4722,train
sample_004711,Núi Bà Đen,4711,train
sample_004790,Núi Bà Đen,4790,train
sample_004823,Núi Bà Đen,4823,train
sample_004774,Núi Bà Đen,4774,train
sample_004836,Núi Bà Đen,4836,train
sample_004733,Núi Bà Đen,4733,train
sample_004767,Núi Bà Đen,4767,train
sample_004856,Núi Bà Đen,4856,train
sample_004803,Núi Bà Đen,4803,train
sample_004831,Núi Bà Đen,4831,train
sample_004794,Núi Bà Đen,4794,train
sample_004840,Núi Bà Đen,4840,train
sample_004780,Núi Bà Đen,4780,train
sample_004742,Núi Bà Đen,4742,train
sample_004763,Núi Bà Đen,4763,train
sample_004717,Núi Bà Đen,4717,train
sample_004809,Núi Bà Đen,4809,train
sample_004786,Núi Bà Đen,4786,train
sample_004746,Núi Bà Đen,4746,train
sample_004692,Núi Bà Đen,4692,train
sample_004812,Núi Bà Đen,4812,train
sample_004827,Núi Bà Đen,4827,train
sample_004821,Núi Bà Đen,4821,train
sample_004696,Núi Bà Đen,4696,train
sample_004739,Núi Bà Đen,4739,train
sample_004828,Núi Bà Đen,4828,train
sample_004860,Núi Bà Đen,4860,train
sample_004813,Núi Bà Đen,4813,train
sample_004820,Núi Bà Đen,4820,train
sample_004765,Núi Bà Đen,4765,train
sample_004800,Núi Bà Đen,4800,train
sample_004834,Núi Bà Đen,4834,train
sample_004832,Núi Bà Đen,4832,train
sample_004858,Núi Bà Đen,4858,train
sample_004776,Núi Bà Đen,4776,train
sample_004743,Núi Bà Đen,4743,train
sample_004769,Núi Bà Đen,4769,train
sample_004754,Núi Bà Đen,4754,train
sample_004702,Núi Bà Đen,4702,train
sample_004841,Núi Bà Đen,4841,train
sample_004830,Núi Bà Đen,4830,train
sample_004824,Núi Bà Đen,4824,train
sample_004859,Núi Bà Đen,4859,train
sample_004732,Núi Bà Đen,4732,train
sample_004714,Núi Bà Đen,4714,train
sample_004689,Núi Bà Đen,4689,train
sample_004791,Núi Bà Đen,4791,train
sample_004853,Núi Bà Đen,4853,train
sample_004708,Núi Bà Đen,4708,train
sample_004783,Núi Bà Đen,4783,train
sample_004845,Núi Bà Đen,4845,train
sample_004857,Núi Bà Đen,4857,train
sample_004849,Núi Bà Đen,4849,train
sample_004688,Núi Bà Đen,4688,train
sample_004781,Núi Bà Đen,4781,train
sample_004716,Núi Bà Đen,4716,train
sample_004705,Núi Bà Đen,4705,train
sample_004762,Núi Bà Đen,4762,train
sample_004804,Núi Bà Đen,4804,train
sample_004789,Núi Bà Đen,4789,train
sample_004756,Núi Bà Đen,4756,train
sample_004706,Núi Bà Đen,4706,train
sample_004747,Núi Bà Đen,4747,train
sample_004753,Núi Bà Đen,4753,train
sample_004704,Núi Bà Đen,4704,train
sample_004802,Núi Bà Đen,4802,train
sample_004764,Núi Bà Đen,4764,train
sample_004848,Núi Bà Đen,4848,train
sample_004724,Núi Bà Đen,4724,train
sample_004798,Núi Bà Đen,4798,train
sample_004779,Núi Bà Đen,4779,train
sample_004751,Núi Bà Đen,4751,train
sample_004773,Núi Bà Đen,4773,train
sample_004703,Núi Bà Đen,4703,train
sample_004697,Núi Bà Đen,4697,train
sample_004842,Núi Bà Đen,4842,train
sample_004761,Núi Bà Đen,4761,train
sample_005016,Phong Nha - Kẻ Bàng,5016,train
sample_005049,Phong Nha - Kẻ Bàng,5049,train
sample_005010,Phong Nha - Kẻ Bàng,5010,train
sample_005098,Phong Nha - Kẻ Bàng,5098,train
sample_005064,Phong Nha - Kẻ Bàng,5064,train
sample_005082,Phong Nha - Kẻ Bàng,5082,train
sample_005035,Phong Nha - Kẻ Bàng,5035,train
sample_005112,Phong Nha - Kẻ Bàng,5112,train
sample_005009,Phong Nha - Kẻ Bàng,5009,train
sample_005095,Phong Nha - Kẻ Bàng,5095,train
sample_005024,Phong Nha - Kẻ Bàng,5024,train
sample_005134,Phong Nha - Kẻ Bàng,5134,train
sample_005080,Phong Nha - Kẻ Bàng,5080,train
sample_005011,Phong Nha - Kẻ Bàng,5011,train
sample_004998,Phong Nha - Kẻ Bàng,4998,train
sample_005105,Phong Nha - Kẻ Bàng,5105,train
sample_005136,Phong Nha - Kẻ Bàng,5136,train
sample_005122,Phong Nha - Kẻ Bàng,5122,train
sample_005128,Phong Nha - Kẻ Bàng,5128,train
sample_005117,Phong Nha - Kẻ Bàng,5117,train
sample_005047,Phong Nha - Kẻ Bàng,5047,train
sample_004995,Phong Nha - Kẻ Bàng,4995,train
sample_005077,Phong Nha - Kẻ Bàng,5077,train
sample_005050,Phong Nha - Kẻ Bàng,5050,train
sample_005030,Phong Nha - Kẻ Bàng,5030,train
sample_005083,Phong Nha - Kẻ Bàng,5083,train
sample_005127,Phong Nha - Kẻ Bàng,5127,train
sample_005004,Phong Nha - Kẻ Bàng,5004,train
sample_005085,Phong Nha - Kẻ Bàng,5085,train
sample_004996,Phong Nha - Kẻ Bàng,4996,train
sample_005115,Phong Nha - Kẻ Bàng,5115,train
sample_005103,Phong Nha - Kẻ Bàng,5103,train
sample_005007,Phong Nha - Kẻ Bàng,5007,train
sample_005015,Phong Nha - Kẻ Bàng,5015,train
sample_005086,Phong Nha - Kẻ Bàng,5086,train
sample_005017,Phong Nha - Kẻ Bàng,5017,train
sample_005084,Phong Nha - Kẻ Bàng,5084,train
sample_004992,Phong Nha - Kẻ Bàng,4992,train
sample_005116,Phong Nha - Kẻ Bàng,5116,train
sample_005061,Phong Nha - Kẻ Bàng,5061,train
sample_005107,Phong Nha - Kẻ Bàng,5107,train
sample_005000,Phong Nha - Kẻ Bàng,5000,train
sample_005087,Phong Nha - Kẻ Bàng,5087,train
sample_005066,Phong Nha - Kẻ Bàng,5066,train
sample_005028,Phong Nha - Kẻ Bàng,5028,train
sample_004997,Phong Nha - Kẻ Bàng,4997,train
sample_005025,Phong Nha - Kẻ Bàng,5025,train
sample_005097,Phong Nha - Kẻ Bàng,5097,train
sample_005022,Phong Nha - Kẻ Bàng,5022,train
sample_005073,Phong Nha - Kẻ Bàng,5073,train
sample_004986,Phong Nha - Kẻ Bàng,4986,train
sample_005027,Phong Nha - Kẻ Bàng,5027,train
sample_005131,Phong Nha - Kẻ Bàng,5131,train
sample_005139,Phong Nha - Kẻ Bàng,5139,train
sample_005092,Phong Nha - Kẻ Bàng,5092,train
sample_004990,Phong Nha - Kẻ Bàng,4990,train
sample_005111,Phong Nha - Kẻ Bàng,5111,train
sample_005042,Phong Nha - Kẻ Bàng,5042,train
sample_005063,Phong Nha - Kẻ Bàng,5063,train
sample_005043,Phong Nha - Kẻ Bàng,5043,train
sample_005058,Phong Nha - Kẻ Bàng,5058,train
sample_005067,Phong Nha - Kẻ Bàng,5067,train
sample_005031,Phong Nha - Kẻ Bàng,5031,train
sample_005036,Phong Nha - Kẻ Bàng,5036,train
sample_005106,Phong Nha - Kẻ Bàng,5106,train
sample_004991,Phong Nha - Kẻ Bàng,4991,train
sample_005045,Phong Nha - Kẻ Bàng,5045,train
sample_005062,Phong Nha - Kẻ Bàng,5062,train
sample_005051,Phong Nha - Kẻ Bàng,5051,train
sample_005040,Phong Nha - Kẻ Bàng,5040,train
sample_005029,Phong Nha - Kẻ Bàng,5029,train
sample_005074,Phong Nha - Kẻ Bàng,5074,train
sample_005121,Phong Nha - Kẻ Bàng,5121,train
sample_005034,Phong Nha - Kẻ Bàng,5034,train
sample_005006,Phong Nha - Kẻ Bàng,5006,train
sample_004994,Phong Nha - Kẻ Bàng,4994,train
sample_005039,Phong Nha - Kẻ Bàng,5039,train
sample_005099,Phong Nha - Kẻ Bàng,5099,train
sample_005114,Phong Nha - Kẻ Bàng,5114,train
sample_005113,Phong Nha - Kẻ Bàng,5113,train
sample_005138,Phong Nha - Kẻ Bàng,5138,train
sample_004987,Phong Nha - Kẻ Bàng,4987,train
sample_005108,Phong Nha - Kẻ Bàng,5108,train
sample_005019,Phong Nha - Kẻ Bàng,5019,train
sample_005037,Phong Nha - Kẻ Bàng,5037,train
sample_005123,Phong Nha - Kẻ Bàng,5123,train
sample_005071,Phong Nha - Kẻ Bàng,5071,train
sample_005130,Phong Nha - Kẻ Bàng,5130,train
sample_005072,Phong Nha - Kẻ Bàng,5072,train
sample_004984,Phong Nha - Kẻ Bàng,4984,train
sample_005101,Phong Nha - Kẻ Bàng,5101,train
sample_005100,Phong Nha - Kẻ Bàng,5100,train
sample_005137,Phong Nha - Kẻ Bàng,5137,train
sample_005104,Phong Nha - Kẻ Bàng,5104,train
sample_005053,Phong Nha - Kẻ Bàng,5053,train
sample_005124,Phong Nha - Kẻ Bàng,5124,train
sample_005091,Phong Nha - Kẻ Bàng,5091,train
sample_005056,Phong Nha - Kẻ Bàng,5056,train
sample_005078,Phong Nha - Kẻ Bàng,5078,train
sample_005102,Phong Nha - Kẻ Bàng,5102,train
sample_005119,Phong Nha - Kẻ Bàng,5119,train
sample_005001,Phong Nha - Kẻ Bàng,5001,train
sample_005059,Phong Nha - Kẻ Bàng,5059,train
sample_005003,Phong Nha - Kẻ Bàng,5003,train
sample_005038,Phong Nha - Kẻ Bàng,5038,train
sample_005129,Phong Nha - Kẻ Bàng,5129,train
sample_005132,Phong Nha - Kẻ Bàng,5132,train
sample_005052,Phong Nha - Kẻ Bàng,5052,train
sample_005008,Phong Nha - Kẻ Bàng,5008,train
sample_005026,Phong Nha - Kẻ Bàng,5026,train
sample_004943,Phố Cổ Hội An,4943,train
sample_004923,Phố Cổ Hội An,4923,train
sample_004899,Phố Cổ Hội An,4899,train
sample_004881,Phố Cổ Hội An,4881,train
sample_004934,Phố Cổ Hội An,4934,train
sample_004883,Phố Cổ Hội An,4883,train
sample_004922,Phố Cổ Hội An,4922,train
sample_004900,Phố Cổ Hội An,4900,train
sample_004887,Phố Cổ Hội An,4887,train
sample_004941,Phố Cổ Hội An,4941,train
sample_004902,Phố Cổ Hội An,4902,train
sample_004908,Phố Cổ Hội An,4908,train
sample_004980,Phố Cổ Hội An,4980,train
sample_004874,Phố Cổ Hội An,4874,train
sample_004864,Phố Cổ Hội An,4864,train
sample_004945,Phố Cổ Hội An,4945,train
sample_004888,Phố Cổ Hội An,4888,train
sample_004869,Phố Cổ Hội An,4869,train
sample_004891,Phố Cổ Hội An,4891,train
sample_004940,Phố Cổ Hội An,4940,train
sample_004895,Phố Cổ Hội An,4895,train
sample_004867,Phố Cổ Hội An,4867,train
sample_004868,Phố Cổ Hội An,4868,train
sample_004907,Phố Cổ Hội An,4907,train
sample_004863,Phố Cổ Hội An,4863,train
sample_004920,Phố Cổ Hội An,4920,train
sample_004952,Phố Cổ Hội An,4952,train
sample_004912,Phố Cổ Hội An,4912,train
sample_004892,Phố Cổ Hội An,4892,train
sample_004979,Phố Cổ Hội An,4979,train
sample_004897,Phố Cổ Hội An,4897,train
sample_004932,Phố Cổ Hội An,4932,train
sample_004957,Phố Cổ Hội An,4957,train
sample_004935,Phố Cổ Hội An,4935,train
sample_004978,Phố Cổ Hội An,4978,train
sample_004898,Phố Cổ Hội An,4898,train
sample_004925,Phố Cổ Hội An,4925,train
sample_004905,Phố Cổ Hội An,4905,train
sample_004966,Phố Cổ Hội An,4966,train
sample_004946,Phố Cổ Hội An,4946,train
sample_004904,Phố Cổ Hội An,4904,train
sample_004976,Phố Cổ Hội An,4976,train
sample_004918,Phố Cổ Hội An,4918,train
sample_004959,Phố Cổ Hội An,4959,train
sample_004937,Phố Cổ Hội An,4937,train
sample_004893,Phố Cổ Hội An,4893,train
sample_004944,Phố Cổ Hội An,4944,train
sample_004875,Phố Cổ Hội An,4875,train
sample_004933,Phố Cổ Hội An,4933,train
sample_004911,Phố Cổ Hội An,4911,train
sample_004929,Phố Cổ Hội An,4929,train
sample_004914,Phố Cổ Hội An,4914,train
sample_004866,Phố Cổ Hội An,4866,train
sample_004906,Phố Cổ Hội An,4906,train
sample_004947,Phố Cổ Hội An,4947,train
sample_004942,Phố Cổ Hội An,4942,train
sample_004880,Phố Cổ Hội An,4880,train
sample_004958,Phố Cổ Hội An,4958,train
sample_004965,Phố Cổ Hội An,4965,train
sample_004954,Phố Cổ Hội An,4954,train
sample_004862,Phố Cổ Hội An,4862,train
sample_004963,Phố Cổ Hội An,4963,train
sample_004968,Phố Cổ Hội An,4968,train
sample_004977,Phố Cổ Hội An,4977,train
sample_004903,Phố Cổ Hội An,4903,train
sample_004919,Phố Cổ Hội An,4919,train
sample_004921,Phố Cổ Hội An,4921,train
sample_004890,Phố Cổ Hội An,4890,train
sample_004876,Phố Cổ Hội An,4876,train
sample_004913,Phố Cổ Hội An,4913,train
sample_004889,Phố Cổ Hội An,4889,train
sample_004974,Phố Cổ Hội An,4974,train
sample_004949,Phố Cổ Hội An,4949,train
sample_004909,Phố Cổ Hội An,4909,train
sample_004872,Phố Cổ Hội An,4872,train
sample_004951,Phố Cổ Hội An,4951,train
sample_004970,Phố Cổ Hội An,4970,train
sample_004928,Phố Cổ Hội An,4928,train
sample_004894,Phố Cổ Hội An,4894,train
sample_004936,Phố Cổ Hội An,4936,train
sample_004901,Phố Cổ Hội An,4901,train
sample_004931,Phố Cổ Hội An,4931,train
sample_004953,Phố Cổ Hội An,4953,train
sample_004972,Phố Cổ Hội An,4972,train
sample_004975,Phố Cổ Hội An,4975,train
sample_004916,Phố Cổ Hội An,4916,train
sample_005392,Quảng Trường Lâm Viên,5392,train
sample_005332,Quảng Trường Lâm Viên,5332,train
sample_005339,Quảng Trường Lâm Viên,5339,train
sample_005296,Quảng Trường Lâm Viên,5296,train
sample_005335,Quảng Trường Lâm Viên,5335,train
sample_005304,Quảng Trường Lâm Viên,5304,train
sample_005380,Quảng Trường Lâm Viên,5380,train
sample_005368,Quảng Trường Lâm Viên,5368,train
sample_005399,Quảng Trường Lâm Viên,5399,train
sample_005326,Quảng Trường Lâm Viên,5326,train
sample_005272,Quảng Trường Lâm Viên,5272,train
sample_005382,Quảng Trường Lâm Viên,5382,train
sample_005300,Quảng Trường Lâm Viên,5300,train
sample_005307,Quảng Trường Lâm Viên,5307,train
sample_005290,Quảng Trường Lâm Viên,5290,train
sample_005320,Quảng Trường Lâm Viên,5320,train
sample_005375,Quảng Trường Lâm Viên,5375,train
sample_005293,Quảng Trường Lâm Viên,5293,train
sample_005277,Quảng Trường Lâm Viên,5277,train
sample_005268,Quảng Trường Lâm Viên,5268,train
sample_005275,Quảng Trường Lâm Viên,5275,train
sample_005397,Quảng Trường Lâm Viên,5397,train
sample_005294,Quảng Trường Lâm Viên,5294,train
sample_005280,Quảng Trường Lâm Viên,5280,train
sample_005292,Quảng Trường Lâm Viên,5292,train
sample_005367,Quảng Trường Lâm Viên,5367,train
sample_005379,Quảng Trường Lâm Viên,5379,train
sample_005264,Quảng Trường Lâm Viên,5264,train
sample_005323,Quảng Trường Lâm Viên,5323,train
sample_005308,Quảng Trường Lâm Viên,5308,train
sample_005278,Quảng Trường Lâm Viên,5278,train
sample_005333,Quảng Trường Lâm Viên,5333,train
sample_005262,Quảng Trường Lâm Viên,5262,train
sample_005265,Quảng Trường Lâm Viên,5265,train
sample_005388,Quảng Trường Lâm Viên,5388,train
sample_005334,Quảng Trường Lâm Viên,5334,train
sample_005310,Quảng Trường Lâm Viên,5310,train
sample_005385,Quảng Trường Lâm Viên,5385,train
sample_005384,Quảng Trường Lâm Viên,5384,train
sample_005298,Quảng Trường Lâm Viên,5298,train
sample_005269,Quảng Trường Lâm Viên,5269,train
sample_005346,Quảng Trường Lâm Viên,5346,train
sample_005387,Quảng Trường Lâm Viên,5387,train
sample_005301,Quảng Trường Lâm Viên,5301,train
sample_005357,Quảng Trường Lâm Viên,5357,train
sample_005338,Quảng Trường Lâm Viên,5338,train
sample_005276,Quảng Trường Lâm Viên,5276,train
sample_005270,Quảng Trường Lâm Viên,5270,train
sample_005327,Quảng Trường Lâm Viên,5327,train
sample_005311,Quảng Trường Lâm Viên,5311,train
sample_005347,Quảng Trường Lâm Viên,5347,train
sample_005287,Quảng Trường Lâm Viên,5287,train
sample_005351,Quảng Trường Lâm Viên,5351,train
sample_005342,Quảng Trường Lâm Viên,5342,train
sample_005263,Quảng Trường Lâm Viên,5263,train
sample_005313,Quảng Trường Lâm Viên,5313,train
sample_005282,Quảng Trường Lâm Viên,5282,train
sample_005371,Quảng Trường Lâm Viên,5371,train
sample_005315,Quảng Trường Lâm Viên,5315,train
sample_005316,Quảng Trường Lâm Viên,5316,train
sample_005373,Quảng Trường Lâm Viên,5373,train
sample_005370,Quảng Trường Lâm Viên,5370,train
sample_005354,Quảng Trường Lâm Viên,5354,train
sample_005396,Quảng Trường Lâm Viên,5396,train
sample_005356,Quảng Trường Lâm Viên,5356,train
sample_005314,Quảng Trường Lâm Viên,5314,train
sample_005353,Quảng Trường Lâm Viên,5353,train
sample_005267,Quảng Trường Lâm Viên,5267,train
sample_005386,Quảng Trường Lâm Viên,5386,train
sample_005376,Quảng Trường Lâm Viên,5376,train
sample_005303,Quảng Trường Lâm Viên,5303,train
sample_005337,Quảng Trường Lâm Viên,5337,train
sample_005349,Quảng Trường Lâm Viên,5349,train
sample_005377,Quảng Trường Lâm Viên,5377,train
sample_005322,Quảng Trường Lâm Viên,5322,train
sample_005362,Quảng Trường Lâm Viên,5362,train
sample_005288,Quảng Trường Lâm Viên,5288,train
sample_005299,Quảng Trường Lâm Viên,5299,train
sample_005372,Quảng Trường Lâm Viên,5372,train
sample_005273,Quảng Trường Lâm Viên,5273,train
sample_005364,Quảng Trường Lâm Viên,5364,train
sample_005286,Quảng Trường Lâm Viên,5286,train
sample_005318,Quảng Trường Lâm Viên,5318,train
sample_005341,Quảng Trường Lâm Viên,5341,train
sample_005319,Quảng Trường Lâm Viên,5319,train
sample_005328,Quảng Trường Lâm Viên,5328,train
sample_005330,Quảng Trường Lâm Viên,5330,train
sample_005365,Quảng Trường Lâm Viên,5365,train
sample_005389,Quảng Trường Lâm Viên,5389,train
sample_005340,Quảng Trường Lâm Viên,5340,train
sample_005305,Quảng Trường Lâm Viên,5305,train
sample_005378,Quảng Trường Lâm Viên,5378,train
sample_005381,Quảng Trường Lâm Viên,5381,train
sample_005289,Quảng Trường Lâm Viên,5289,train
sample_005291,Quảng Trường Lâm Viên,5291,train
sample_005274,Quảng Trường Lâm Viên,5274,train
sample_005168,Quần Thể Tràng An,5168,train
sample_005217,Quần Thể Tràng An,5217,train
sample_005223,Quần Thể Tràng An,5223,train
sample_005260,Quần Thể Tràng An,5260,train
sample_005258,Quần Thể Tràng An,5258,train
sample_005218,Quần Thể Tràng An,5218,train
sample_005214,Quần Thể Tràng An,5214,train
sample_005159,Quần Thể Tràng An,5159,train
sample_005215,Quần Thể Tràng An,5215,train
sample_005254,Quần Thể Tràng An,5254,train
sample_005157,Quần Thể Tràng An,5157,train
sample_005232,Quần Thể Tràng An,5232,train
sample_005192,Quần Thể Tràng An,5192,train
sample_005251,Quần Thể Tràng An,5251,train
sample_005257,Quần Thể Tràng An,5257,train
sample_005233,Quần Thể Tràng An,5233,train
sample_005252,Quần Thể Tràng An,5252,train
sample_005169,Quần Thể Tràng An,5169,train
sample_005211,Quần Thể Tràng An,5211,train
sample_005148,Quần Thể Tràng An,5148,train
sample_005248,Quần Thể Tràng An,5248,train
sample_005177,Quần Thể Tràng An,5177,train
sample_005161,Quần Thể Tràng An,5161,train
sample_005181,Quần Thể Tràng An,5181,train
sample_005221,Quần Thể Tràng An,5221,train
sample_005249,Quần Thể Tràng An,5249,train
sample_005189,Quần Thể Tràng An,5189,train
sample_005160,Quần Thể Tràng An,5160,train
sample_005180,Quần Thể Tràng An,5180,train
sample_005259,Quần Thể Tràng An,5259,train
sample_005184,Quần Thể Tràng An,5184,train
sample_005204,Quần Thể Tràng An,5204,train
sample_005193,Quần Thể Tràng An,5193,train
sample_005176,Quần Thể Tràng An,5176,train
sample_005247,Quần Thể Tràng An,5247,train
sample_005153,Quần Thể Tràng An,5153,train
sample_005256,Quần Thể Tràng An,5256,train
sample_005186,Quần Thể Tràng An,5186,train
sample_005185,Quần Thể Tràng An,5185,train
sample_005149,Quần Thể Tràng An,5149,train
sample_005206,Quần Thể Tràng An,5206,train
sample_005167,Quần Thể Tràng An,5167,train
sample_005191,Quần Thể Tràng An,5191,train
sample_005172,Quần Thể Tràng An,5172,train
sample_005198,Quần Thể Tràng An,5198,train
sample_005213,Quần Thể Tràng An,5213,train
sample_005245,Quần Thể Tràng An,5245,train
sample_005228,Quần Thể Tràng An,5228,train
sample_005166,Quần Thể Tràng An,5166,train
sample_005255,Quần Thể Tràng An,5255,train
sample_005194,Quần Thể Tràng An,5194,train
sample_005210,Quần Thể Tràng An,5210,train
sample_005202,Quần Thể Tràng An,5202,train
sample_005179,Quần Thể Tràng An,5179,train
sample_005226,Quần Thể Tràng An,5226,train
sample_005220,Quần Thể Tràng An,5220,train
sample_005234,Quần Thể Tràng An,5234,train
sample_005227,Quần Thể Tràng An,5227,train
sample_005200,Quần Thể Tràng An,5200,train
sample_005196,Quần Thể Tràng An,5196,train
sample_005199,Quần Thể Tràng An,5199,train
sample_005244,Quần Thể Tràng An,5244,train
sample_005152,Quần Thể Tràng An,5152,train
sample_005156,Quần Thể Tràng An,5156,train
sample_005147,Quần Thể Tràng An,5147,train
sample_005145,Quần Thể Tràng An,5145,train
sample_005242,Quần Thể Tràng An,5242,train
sample_005201,Quần Thể Tràng An,5201,train
sample_005224,Quần Thể Tràng An,5224,train
sample_005165,Quần Thể Tràng An,5165,train
sample_005164,Quần Thể Tràng An,5164,train
sample_005173,Quần Thể Tràng An,5173,train
sample_005197,Quần Thể Tràng An,5197,train
sample_005207,Quần Thể Tràng An,5207,train
sample_005225,Quần Thể Tràng An,5225,train
sample_005182,Quần Thể Tràng An,5182,train
sample_005229,Quần Thể Tràng An,5229,train
sample_005240,Quần Thể Tràng An,5240,train
sample_005231,Quần Thể Tràng An,5231,train
sample_005171,Quần Thể Tràng An,5171,train
sample_005241,Quần Thể Tràng An,5241,train
sample_005243,Quần Thể Tràng An,5243,train
sample_005219,Quần Thể Tràng An,5219,train
sample_005183,Quần Thể Tràng An,5183,train
sample_005154,Quần Thể Tràng An,5154,train
sample_005576,Tam Cốc - Bích Động,5576,train
sample_005499,Tam Cốc - Bích Động,5499,train
sample_005455,Tam Cốc - Bích Động,5455,train
sample_005541,Tam Cốc - Bích Động,5541,train
sample_005493,Tam Cốc - Bích Động,5493,train
sample_005409,Tam Cốc - Bích Động,5409,train
sample_005467,Tam Cốc - Bích Động,5467,train
sample_005454,Tam Cốc - Bích Động,5454,train
sample_005411,Tam Cốc - Bích Động,5411,train
sample_005567,Tam Cốc - Bích Động,5567,train
sample_005531,Tam Cốc - Bích Động,5531,train
sample_005412,Tam Cốc - Bích Động,5412,train
sample_005492,Tam Cốc - Bích Động,5492,train
sample_005478,Tam Cốc - Bích Động,5478,train
sample_005485,Tam Cốc - Bích Động,5485,train
sample_005480,Tam Cốc - Bích Động,5480,train
sample_005491,Tam Cốc - Bích Động,5491,train
sample_005510,Tam Cốc - Bích Động,5510,train
sample_005496,Tam Cốc - Bích Động,5496,train
sample_005430,Tam Cốc - Bích Động,5430,train
sample_005566,Tam Cốc - Bích Động,5566,train
sample_005502,Tam Cốc - Bích Động,5502,train
sample_005447,Tam Cốc - Bích Động,5447,train
sample_005466,Tam Cốc - Bích Động,5466,train
sample_005417,Tam Cốc - Bích Động,5417,train
sample_005497,Tam Cốc - Bích Động,5497,train
sample_005435,Tam Cốc - Bích Động,5435,train
sample_005474,Tam Cốc - Bích Động,5474,train
sample_005551,Tam Cốc - Bích Động,5551,train
sample_005468,Tam Cốc - Bích Động,5468,train
sample_005542,Tam Cốc - Bích Động,5542,train
sample_005440,Tam Cốc - Bích Động,5440,train
sample_005519,Tam Cốc - Bích Động,5519,train
sample_005416,Tam Cốc - Bích Động,5416,train
sample_005565,Tam Cốc - Bích Động,5565,train
sample_005547,Tam Cốc - Bích Động,5547,train
sample_005471,Tam Cốc - Bích Động,5471,train
sample_005505,Tam Cốc - Bích Động,5505,train
sample_005473,Tam Cốc - Bích Động,5473,train
sample_005481,Tam Cốc - Bích Động,5481,train
sample_005524,Tam Cốc - Bích Động,5524,train
sample_005410,Tam Cốc - Bích Động,5410,train
sample_005525,Tam Cốc - Bích Động,5525,train
sample_005529,Tam Cốc - Bích Động,5529,train
sample_005479,Tam Cốc - Bích Động,5479,train
sample_005570,Tam Cốc - Bích Động,5570,train
sample_005522,Tam Cốc - Bích Động,5522,train
sample_005494,Tam Cốc - Bích Động,5494,train
sample_005470,Tam Cốc - Bích Động,5470,train
sample_005476,Tam Cốc - Bích Động,5476,train
sample_005546,Tam Cốc - Bích Động,5546,train
sample_005400,Tam Cốc - Bích Động,5400,train
sample_005518,Tam Cốc - Bích Động,5518,train
sample_005421,Tam Cốc - Bích Động,5421,train
sample_005428,Tam Cốc - Bích Động,5428,train
sample_005568,Tam Cốc - Bích Động,5568,train
sample_005451,Tam Cốc - Bích Động,5451,train
sample_005423,Tam Cốc - Bích Động,5423,train
sample_005448,Tam Cốc - Bích Động,5448,train
sample_005463,Tam Cốc - Bích Động,5463,train
sample_005563,Tam Cốc - Bích Động,5563,train
sample_005450,Tam Cốc - Bích Động,5450,train
sample_005495,Tam Cốc - Bích Động,5495,train
sample_005403,Tam Cốc - Bích Động,5403,train
sample_005530,Tam Cốc - Bích Động,5530,train
sample_005429,Tam Cốc - Bích Động,5429,train
sample_005415,Tam Cốc - Bích Động,5415,train
sample_005462,Tam Cốc - Bích Động,5462,train
sample_005520,Tam Cốc - Bích Động,5520,train
sample_005401,Tam Cốc - Bích Động,5401,train
sample_005517,Tam Cốc - Bích Động,5517,train
sample_005469,Tam Cốc - Bích Động,5469,train
sample_005446,Tam Cốc - Bích Động,5446,train
sample_005457,Tam Cốc - Bích Động,5457,train
sample_005456,Tam Cốc - Bích Động,5456,train
sample_005458,Tam Cốc - Bích Động,5458,train
sample_005439,Tam Cốc - Bích Động,5439,train
sample_005441,Tam Cốc - Bích Động,5441,train
sample_005445,Tam Cốc - Bích Động,5445,train
sample_005418,Tam Cốc - Bích Động,5418,train
sample_005504,Tam Cốc - Bích Động,5504,train
sample_005472,Tam Cốc - Bích Động,5472,train
sample_005444,Tam Cốc - Bích Động,5444,train
sample_005512,Tam Cốc - Bích Động,5512,train
sample_005511,Tam Cốc - Bích Động,5511,train
sample_005443,Tam Cốc - Bích Động,5443,train
sample_005414,Tam Cốc - Bích Động,5414,train
sample_005438,Tam Cốc - Bích Động,5438,train
sample_005558,Tam Cốc - Bích Động,5558,train
sample_005577,Tam Cốc - Bích Động,5577,train
sample_005540,Tam Cốc - Bích Động,5540,train
sample_005509,Tam Cốc - Bích Động,5509,train
sample_005528,Tam Cốc - Bích Động,5528,train
sample_005543,Tam Cốc - Bích Động,5543,train
sample_005527,Tam Cốc - Bích Động,5527,train
sample_005486,Tam Cốc - Bích Động,5486,train
sample_005548,Tam Cốc - Bích Động,5548,train
sample_005465,Tam Cốc - Bích Động,5465,train
sample_005516,Tam Cốc - Bích Động,5516,train
sample_005536,Tam Cốc - Bích Động,5536,train
sample_005539,Tam Cốc - Bích Động,5539,train
sample_005572,Tam Cốc - Bích Động,5572,train
sample_005552,Tam Cốc - Bích Động,5552,train
sample_005427,Tam Cốc - Bích Động,5427,train
sample_005514,Tam Cốc - Bích Động,5514,train
sample_005459,Tam Cốc - Bích Động,5459,train
sample_005544,Tam Cốc - Bích Động,5544,train
sample_005489,Tam Cốc - Bích Động,5489,train
sample_005534,Tam Cốc - Bích Động,5534,train
sample_005498,Tam Cốc - Bích Động,5498,train
sample_005549,Tam Cốc - Bích Động,5549,train
sample_005553,Tam Cốc - Bích Động,5553,train
sample_005500,Tam Cốc - Bích Động,5500,train
sample_005425,Tam Cốc - Bích Động,5425,train
sample_005562,Tam Cốc - Bích Động,5562,train
sample_005452,Tam Cốc - Bích Động,5452,train
sample_005526,Tam Cốc - Bích Động,5526,train
sample_005574,Tam Cốc - Bích Động,5574,train
sample_005555,Tam Cốc - Bích Động,5555,train
sample_005515,Tam Cốc - Bích Động,5515,train
sample_005413,Tam Cốc - Bích Động,5413,train
sample_005402,Tam Cốc - Bích Động,5402,train
sample_005433,Tam Cốc - Bích Động,5433,train
sample_005431,Tam Cốc - Bích Động,5431,train
sample_005477,Tam Cốc - Bích Động,5477,train
sample_006008,Thung Lũng Mường Hoa,6008,train
sample_005996,Thung Lũng Mường Hoa,5996,train
sample_005989,Thung Lũng Mường Hoa,5989,train
sample_005967,Thung Lũng Mường Hoa,5967,train
sample_005969,Thung Lũng Mường Hoa,5969,train
sample_006001,Thung Lũng Mường Hoa,6001,train
sample_005948,Thung Lũng Mường Hoa,5948,train
sample_005954,Thung Lũng Mường Hoa,5954,train
sample_005959,Thung Lũng Mường Hoa,5959,train
sample_005998,Thung Lũng Mường Hoa,5998,train
sample_005966,Thung Lũng Mường Hoa,5966,train
sample_005953,Thung Lũng Mường Hoa,5953,train
sample_005945,Thung Lũng Mường Hoa,5945,train
sample_005946,Thung Lũng Mường Hoa,5946,train
sample_005958,Thung Lũng Mường Hoa,5958,train
sample_005979,Thung Lũng Mường Hoa,5979,train
sample_005980,Thung Lũng Mường Hoa,5980,train
sample_005950,Thung Lũng Mường Hoa,5950,train
sample_005965,Thung Lũng Mường Hoa,5965,train
sample_005991,Thung Lũng Mường Hoa,5991,train
sample_005947,Thung Lũng Mường Hoa,5947,train
sample_006007,Thung Lũng Mường Hoa,6007,train
sample_005960,Thung Lũng Mường Hoa,5960,train
sample_005981,Thung Lũng Mường Hoa,5981,train
sample_005971,Thung Lũng Mường Hoa,5971,train
sample_005988,Thung Lũng Mường Hoa,5988,train
sample_005999,Thung Lũng Mường Hoa,5999,train
sample_005993,Thung Lũng Mường Hoa,5993,train
sample_005973,Thung Lũng Mường Hoa,5973,train
sample_006004,Thung Lũng Mường Hoa,6004,train
sample_005982,Thung Lũng Mường Hoa,5982,train
sample_005961,Thung Lũng Mường Hoa,5961,train
sample_005977,Thung Lũng Mường Hoa,5977,train
sample_005956,Thung Lũng Mường Hoa,5956,train
sample_005990,Thung Lũng Mường Hoa,5990,train
sample_005974,Thung Lũng Mường Hoa,5974,train
sample_005987,Thung Lũng Mường Hoa,5987,train
sample_005986,Thung Lũng Mường Hoa,5986,train
sample_005952,Thung Lũng Mường Hoa,5952,train
sample_005997,Thung Lũng Mường Hoa,5997,train
sample_005984,Thung Lũng Mường Hoa,5984,train
sample_005957,Thung Lũng Mường Hoa,5957,train
sample_005970,Thung Lũng Mường Hoa,5970,train
sample_006002,Thung Lũng Mường Hoa,6002,train
sample_005964,Thung Lũng Mường Hoa,5964,train
sample_005589,Thác Bản Giốc,5589,train
sample_005626,Thác Bản Giốc,5626,train
sample_005712,Thác Bản Giốc,5712,train
sample_005737,Thác Bản Giốc,5737,train
sample_005659,Thác Bản Giốc,5659,train
sample_005628,Thác Bản Giốc,5628,train
sample_005749,Thác Bản Giốc,5749,train
sample_005757,Thác Bản Giốc,5757,train
sample_005666,Thác Bản Giốc,5666,train
sample_005648,Thác Bản Giốc,5648,train
sample_005679,Thác Bản Giốc,5679,train
sample_005716,Thác Bản Giốc,5716,train
sample_005713,Thác Bản Giốc,5713,train
sample_005668,Thác Bản Giốc,5668,train
sample_005677,Thác Bản Giốc,5677,train
sample_005594,Thác Bản Giốc,5594,train
sample_005723,Thác Bản Giốc,5723,train
sample_005587,Thác Bản Giốc,5587,train
sample_005600,Thác Bản Giốc,5600,train
sample_005760,Thác Bản Giốc,5760,train
sample_005740,Thác Bản Giốc,5740,train
sample_005752,Thác Bản Giốc,5752,train
sample_005579,Thác Bản Giốc,5579,train
sample_005646,Thác Bản Giốc,5646,train
sample_005676,Thác Bản Giốc,5676,train
sample_005682,Thác Bản Giốc,5682,train
sample_005750,Thác Bản Giốc,5750,train
sample_005630,Thác Bản Giốc,5630,train
sample_005747,Thác Bản Giốc,5747,train
sample_005644,Thác Bản Giốc,5644,train
sample_005703,Thác Bản Giốc,5703,train
sample_005738,Thác Bản Giốc,5738,train
sample_005756,Thác Bản Giốc,5756,train
sample_005598,Thác Bản Giốc,5598,train
sample_005726,Thác Bản Giốc,5726,train
sample_005678,Thác Bản Giốc,5678,train
sample_005759,Thác Bản Giốc,5759,train
sample_005597,Thác Bản Giốc,5597,train
sample_005596,Thác Bản Giốc,5596,train
sample_005695,Thác Bản Giốc,5695,train
sample_005607,Thác Bản Giốc,5607,train
sample_005715,Thác Bản Giốc,5715,train
sample_005718,Thác Bản Giốc,5718,train
sample_005621,Thác Bản Giốc,5621,train
sample_005613,Thác Bản Giốc,5613,train
sample_005732,Thác Bản Giốc,5732,train
sample_005688,Thác Bản Giốc,5688,train
sample_005694,Thác Bản Giốc,5694,train
sample_005753,Thác Bản Giốc,5753,train
sample_005683,Thác Bản Giốc,5683,train
sample_005689,Thác Bản Giốc,5689,train
sample_005653,Thác Bản Giốc,5653,train
sample_005704,Thác Bản Giốc,5704,train
sample_005674,Thác Bản Giốc,5674,train
sample_005705,Thác Bản Giốc,5705,train
sample_005729,Thác Bản Giốc,5729,train
sample_005721,Thác Bản Giốc,5721,train
sample_005735,Thác Bản Giốc,5735,train
sample_005761,Thác Bản Giốc,5761,train
sample_005622,Thác Bản Giốc,5622,train
sample_005700,Thác Bản Giốc,5700,train
sample_005743,Thác Bản Giốc,5743,train
sample_005725,Thác Bản Giốc,5725,train
sample_005731,Thác Bản Giốc,5731,train
sample_005672,Thác Bản Giốc,5672,train
sample_005658,Thác Bản Giốc,5658,train
sample_005680,Thác Bản Giốc,5680,train
sample_005584,Thác Bản Giốc,5584,train
sample_005699,Thác Bản Giốc,5699,train
sample_005754,Thác Bản Giốc,5754,train
sample_005638,Thác Bản Giốc,5638,train
sample_005686,Thác Bản Giốc,5686,train
sample_005627,Thác Bản Giốc,5627,train
sample_005583,Thác Bản Giốc,5583,train
sample_005624,Thác Bản Giốc,5624,train
sample_005708,Thác Bản Giốc,5708,train
sample_005606,Thác Bản Giốc,5606,train
sample_005618,Thác Bản Giốc,5618,train
sample_005684,Thác Bản Giốc,5684,train
sample_005586,Thác Bản Giốc,5586,train
sample_005599,Thác Bản Giốc,5599,train
sample_005623,Thác Bản Giốc,5623,train
sample_005633,Thác Bản Giốc,5633,train
sample_005698,Thác Bản Giốc,5698,train
sample_005736,Thác Bản Giốc,5736,train
sample_005632,Thác Bản Giốc,5632,train
sample_005615,Thác Bản Giốc,5615,train
sample_005696,Thác Bản Giốc,5696,train
sample_005673,Thác Bản Giốc,5673,train
sample_005591,Thác Bản Giốc,5591,train
sample_005595,Thác Bản Giốc,5595,train
sample_005634,Thác Bản Giốc,5634,train
sample_005657,Thác Bản Giốc,5657,train
sample_005665,Thác Bản Giốc,5665,train
sample_005691,Thác Bản Giốc,5691,train
sample_005706,Thác Bản Giốc,5706,train
sample_005656,Thác Bản Giốc,5656,train
sample_005637,Thác Bản Giốc,5637,train
sample_005604,Thác Bản Giốc,5604,train
sample_005588,Thác Bản Giốc,5588,train
sample_005660,Thác Bản Giốc,5660,train
sample_005724,Thác Bản Giốc,5724,train
sample_005610,Thác Bản Giốc,5610,train
sample_005620,Thác Bản Giốc,5620,train
sample_005647,Thác Bản Giốc,5647,train
sample_005649,Thác Bản Giốc,5649,train
sample_005625,Thác Bản Giốc,5625,train
sample_005744,Thác Bản Giốc,5744,train
sample_005650,Thác Bản Giốc,5650,train
sample_005581,Thác Bản Giốc,5581,train
sample_005605,Thác Bản Giốc,5605,train
sample_005710,Thác Bản Giốc,5710,train
sample_005685,Thác Bản Giốc,5685,train
sample_005758,Thác Bản Giốc,5758,train
sample_005741,Thác Bản Giốc,5741,train
sample_005603,Thác Bản Giốc,5603,train
sample_005662,Thác Bản Giốc,5662,train
sample_005614,Thác Bản Giốc,5614,train
sample_005709,Thác Bản Giốc,5709,train
sample_005720,Thác Bản Giốc,5720,train
sample_005755,Thác Bản Giốc,5755,train
sample_005748,Thác Bản Giốc,5748,train
sample_005734,Thác Bản Giốc,5734,train
sample_005675,Thác Bản Giốc,5675,train
sample_005693,Thác Bản Giốc,5693,train
sample_005763,Thác Bản Giốc,5763,train
sample_005730,Thác Bản Giốc,5730,train
sample_005687,Thác Bản Giốc,5687,train
sample_005746,Thác Bản Giốc,5746,train
sample_005663,Thác Bản Giốc,5663,train
sample_005915,Thánh Địa Mỹ Sơn,5915,train
sample_005932,Thánh Địa Mỹ Sơn,5932,train
sample_005818,Thánh Địa Mỹ Sơn,5818,train
sample_005837,Thánh Địa Mỹ Sơn,5837,train
sample_005884,Thánh Địa Mỹ Sơn,5884,train
sample_005851,Thánh Địa Mỹ Sơn,5851,train
sample_005925,Thánh Địa Mỹ Sơn,5925,train
sample_005803,Thánh Địa Mỹ Sơn,5803,train
sample_005937,Thánh Địa Mỹ Sơn,5937,train
sample_005774,Thánh Địa Mỹ Sơn,5774,train
sample_005836,Thánh Địa Mỹ Sơn,5836,train
sample_005944,Thánh Địa Mỹ Sơn,5944,train
sample_005841,Thánh Địa Mỹ Sơn,5841,train
sample_005801,Thánh Địa Mỹ Sơn,5801,train
sample_005910,Thánh Địa Mỹ Sơn,5910,train
sample_005813,Thánh Địa Mỹ Sơn,5813,train
sample_005809,Thánh Địa Mỹ Sơn,5809,train
sample_005890,Thánh Địa Mỹ Sơn,5890,train
sample_005903,Thánh Địa Mỹ Sơn,5903,train
sample_005820,Thánh Địa Mỹ Sơn,5820,train
sample_005819,Thánh Địa Mỹ Sơn,5819,train
sample_005935,Thánh Địa Mỹ Sơn,5935,train
sample_005883,Thánh Địa Mỹ Sơn,5883,train
sample_005912,Thánh Địa Mỹ Sơn,5912,train
sample_005916,Thánh Địa Mỹ Sơn,5916,train
sample_005918,Thánh Địa Mỹ Sơn,5918,train
sample_005855,Thánh Địa Mỹ Sơn,5855,train
sample_005898,Thánh Địa Mỹ Sơn,5898,train
sample_005893,Thánh Địa Mỹ Sơn,5893,train
sample_005892,Thánh Địa Mỹ Sơn,5892,train
sample_005827,Thánh Địa Mỹ Sơn,5827,train
sample_005863,Thánh Địa Mỹ Sơn,5863,train
sample_005899,Thánh Địa Mỹ Sơn,5899,train
sample_005776,Thánh Địa Mỹ Sơn,5776,train
sample_005832,Thánh Địa Mỹ Sơn,5832,train
sample_005917,Thánh Địa Mỹ Sơn,5917,train
sample_005779,Thánh Địa Mỹ Sơn,5779,train
sample_005911,Thánh Địa Mỹ Sơn,5911,train
sample_005808,Thánh Địa Mỹ Sơn,5808,train
sample_005789,Thánh Địa Mỹ Sơn,5789,train
sample_005857,Thánh Địa Mỹ Sơn,5857,train
sample_005781,Thánh Địa Mỹ Sơn,5781,train
sample_005887,Thánh Địa Mỹ Sơn,5887,train
sample_005941,Thánh Địa Mỹ Sơn,5941,train
sample_005771,Thánh Địa Mỹ Sơn,5771,train
sample_005897,Thánh Địa Mỹ Sơn,5897,train
sample_005922,Thánh Địa Mỹ Sơn,5922,train
sample_005816,Thánh Địa Mỹ Sơn,5816,train
sample_005874,Thánh Địa Mỹ Sơn,5874,train
sample_005924,Thánh Địa Mỹ Sơn,5924,train
sample_005866,Thánh Địa Mỹ Sơn,5866,train
sample_005770,Thánh Địa Mỹ Sơn,5770,train
sample_005798,Thánh Địa Mỹ Sơn,5798,train
sample_005831,Thánh Địa Mỹ Sơn,5831,train
sample_005923,Thánh Địa Mỹ Sơn,5923,train
sample_005848,Thánh Địa Mỹ Sơn,5848,train
sample_005842,Thánh Địa Mỹ Sơn,5842,train
sample_005822,Thánh Địa Mỹ Sơn,5822,train
sample_005870,Thánh Địa Mỹ Sơn,5870,train
sample_005784,Thánh Địa Mỹ Sơn,5784,train
sample_005821,Thánh Địa Mỹ Sơn,5821,train
sample_005878,Thánh Địa Mỹ Sơn,5878,train
sample_005880,Thánh Địa Mỹ Sơn,5880,train
sample_005856,Thánh Địa Mỹ Sơn,5856,train
sample_005868,Thánh Địa Mỹ Sơn,5868,train
sample_005931,Thánh Địa Mỹ Sơn,5931,train
sample_005773,Thánh Địa Mỹ Sơn,5773,train
sample_005869,Thánh Địa Mỹ Sơn,5869,train
sample_005862,Thánh Địa Mỹ Sơn,5862,train
sample_005780,Thánh Địa Mỹ Sơn,5780,train
sample_005791,Thánh Địa Mỹ Sơn,5791,train
sample_005877,Thánh Địa Mỹ Sơn,5877,train
sample_005913,Thánh Địa Mỹ Sơn,5913,train
sample_005858,Thánh Địa Mỹ Sơn,5858,train
sample_005797,Thánh Địa Mỹ Sơn,5797,train
sample_005846,Thánh Địa Mỹ Sơn,5846,train
sample_005942,Thánh Địa Mỹ Sơn,5942,train
sample_005783,Thánh Địa Mỹ Sơn,5783,train
sample_005901,Thánh Địa Mỹ Sơn,5901,train
sample_005907,Thánh Địa Mỹ Sơn,5907,train
sample_005794,Thánh Địa Mỹ Sơn,5794,train
sample_005860,Thánh Địa Mỹ Sơn,5860,train
sample_005928,Thánh Địa Mỹ Sơn,5928,train
sample_005807,Thánh Địa Mỹ Sơn,5807,train
sample_005765,Thánh Địa Mỹ Sơn,5765,train
sample_005811,Thánh Địa Mỹ Sơn,5811,train
sample_005920,Thánh Địa Mỹ Sơn,5920,train
sample_005796,Thánh Địa Mỹ Sơn,5796,train
sample_005764,Thánh Địa Mỹ Sơn,5764,train
sample_005814,Thánh Địa Mỹ Sơn,5814,train
sample_005828,Thánh Địa Mỹ Sơn,5828,train
sample_005790,Thánh Địa Mỹ Sơn,5790,train
sample_005852,Thánh Địa Mỹ Sơn,5852,train
sample_005905,Thánh Địa Mỹ Sơn,5905,train
sample_005825,Thánh Địa Mỹ Sơn,5825,train
sample_005850,Thánh Địa Mỹ Sơn,5850,train
sample_005873,Thánh Địa Mỹ Sơn,5873,train
sample_005876,Thánh Địa Mỹ Sơn,5876,train
sample_005769,Thánh Địa Mỹ Sơn,5769,train
sample_005859,Thánh Địa Mỹ Sơn,5859,train
sample_005787,Thánh Địa Mỹ Sơn,5787,train
sample_005919,Thánh Địa Mỹ Sơn,5919,train
sample_005810,Thánh Địa Mỹ Sơn,5810,train
sample_005894,Thánh Địa Mỹ Sơn,5894,train
sample_005823,Thánh Địa Mỹ Sơn,5823,train
sample_005933,Thánh Địa Mỹ Sơn,5933,train
sample_005826,Thánh Địa Mỹ Sơn,5826,train
sample_005926,Thánh Địa Mỹ Sơn,5926,train
sample_005881,Thánh Địa Mỹ Sơn,5881,train
sample_005938,Thánh Địa Mỹ Sơn,5938,train
sample_005904,Thánh Địa Mỹ Sơn,5904,train
sample_005871,Thánh Địa Mỹ Sơn,5871,train
sample_005840,Thánh Địa Mỹ Sơn,5840,train
sample_005909,Thánh Địa Mỹ Sơn,5909,train
sample_005882,Thánh Địa Mỹ Sơn,5882,train
sample_005885,Thánh Địa Mỹ Sơn,5885,train
sample_005799,Thánh Địa Mỹ Sơn,5799,train
sample_005802,Thánh Địa Mỹ Sơn,5802,train
sample_005805,Thánh Địa Mỹ Sơn,5805,train
sample_005934,Thánh Địa Mỹ Sơn,5934,train
sample_005845,Thánh Địa Mỹ Sơn,5845,train
sample_005875,Thánh Địa Mỹ Sơn,5875,train
sample_005777,Thánh Địa Mỹ Sơn,5777,train
sample_005775,Thánh Địa Mỹ Sơn,5775,train
sample_005792,Thánh Địa Mỹ Sơn,5792,train
sample_005929,Thánh Địa Mỹ Sơn,5929,train
sample_005889,Thánh Địa Mỹ Sơn,5889,train
sample_006115,Tượng Chúa Kitô,6115,train
sample_006070,Tượng Chúa Kitô,6070,train
sample_006086,Tượng Chúa Kitô,6086,train
sample_006024,Tượng Chúa Kitô,6024,train
sample_006168,Tượng Chúa Kitô,6168,train
sample_006162,Tượng Chúa Kitô,6162,train
sample_006047,Tượng Chúa Kitô,6047,train
sample_006155,Tượng Chúa Kitô,6155,train
sample_006069,Tượng Chúa Kitô,6069,train
sample_006017,Tượng Chúa Kitô,6017,train
sample_006136,Tượng Chúa Kitô,6136,train
sample_006103,Tượng Chúa Kitô,6103,train
sample_006077,Tượng Chúa Kitô,6077,train
sample_006025,Tượng Chúa Kitô,6025,train
sample_006014,Tượng Chúa Kitô,6014,train
sample_006109,Tượng Chúa Kitô,6109,train
sample_006061,Tượng Chúa Kitô,6061,train
sample_006160,Tượng Chúa Kitô,6160,train
sample_006084,Tượng Chúa Kitô,6084,train
sample_006143,Tượng Chúa Kitô,6143,train
sample_006010,Tượng Chúa Kitô,6010,train
sample_006079,Tượng Chúa Kitô,6079,train
sample_006081,Tượng Chúa Kitô,6081,train
sample_006124,Tượng Chúa Kitô,6124,train
sample_006174,Tượng Chúa Kitô,6174,train
sample_006152,Tượng Chúa Kitô,6152,train
sample_006059,Tượng Chúa Kitô,6059,train
sample_006011,Tượng Chúa Kitô,6011,train
sample_006153,Tượng Chúa Kitô,6153,train
sample_006016,Tượng Chúa Kitô,6016,train
sample_006170,Tượng Chúa Kitô,6170,train
sample_006009,Tượng Chúa Kitô,6009,train
sample_006031,Tượng Chúa Kitô,6031,train
sample_006150,Tượng Chúa Kitô,6150,train
sample_006102,Tượng Chúa Kitô,6102,train
sample_006142,Tượng Chúa Kitô,6142,train
sample_006090,Tượng Chúa Kitô,6090,train
sample_006118,Tượng Chúa Kitô,6118,train
sample_006041,Tượng Chúa Kitô,6041,train
sample_006169,Tượng Chúa Kitô,6169,train
sample_006105,Tượng Chúa Kitô,6105,train
sample_006125,Tượng Chúa Kitô,6125,train
sample_006095,Tượng Chúa Kitô,6095,train
sample_006099,Tượng Chúa Kitô,6099,train
sample_006104,Tượng Chúa Kitô,6104,train
sample_006106,Tượng Chúa Kitô,6106,train
sample_006038,Tượng Chúa Kitô,6038,train
sample_006093,Tượng Chúa Kitô,6093,train
sample_006126,Tượng Chúa Kitô,6126,train
sample_006121,Tượng Chúa Kitô,6121,train
sample_006089,Tượng Chúa Kitô,6089,train
sample_006141,Tượng Chúa Kitô,6141,train
sample_006164,Tượng Chúa Kitô,6164,train
sample_006132,Tượng Chúa Kitô,6132,train
sample_006117,Tượng Chúa Kitô,6117,train
sample_006100,Tượng Chúa Kitô,6100,train
sample_006147,Tượng Chúa Kitô,6147,train
sample_006048,Tượng Chúa Kitô,6048,train
sample_006128,Tượng Chúa Kitô,6128,train
sample_006094,Tượng Chúa Kitô,6094,train
sample_006156,Tượng Chúa Kitô,6156,train
sample_006043,Tượng Chúa Kitô,6043,train
sample_006053,Tượng Chúa Kitô,6053,train
sample_006144,Tượng Chúa Kitô,6144,train
sample_006123,Tượng Chúa Kitô,6123,train
sample_006146,Tượng Chúa Kitô,6146,train
sample_006130,Tượng Chúa Kitô,6130,train
sample_006078,Tượng Chúa Kitô,6078,train
sample_006112,Tượng Chúa Kitô,6112,train
sample_006028,Tượng Chúa Kitô,6028,train
sample_006056,Tượng Chúa Kitô,6056,train
sample_006058,Tượng Chúa Kitô,6058,train
sample_006072,Tượng Chúa Kitô,6072,train
sample_006012,Tượng Chúa Kitô,6012,train
sample_006074,Tượng Chúa Kitô,6074,train
sample_006022,Tượng Chúa Kitô,6022,train
sample_006037,Tượng Chúa Kitô,6037,train
sample_006062,Tượng Chúa Kitô,6062,train
sample_006159,Tượng Chúa Kitô,6159,train
sample_006051,Tượng Chúa Kitô,6051,train
sample_006127,Tượng Chúa Kitô,6127,train
sample_006073,Tượng Chúa Kitô,6073,train
sample_006139,Tượng Chúa Kitô,6139,train
sample_006131,Tượng Chúa Kitô,6131,train
sample_006082,Tượng Chúa Kitô,6082,train
sample_006113,Tượng Chúa Kitô,6113,train
sample_006033,Tượng Chúa Kitô,6033,train
sample_006114,Tượng Chúa Kitô,6114,train
sample_006032,Tượng Chúa Kitô,6032,train
sample_006034,Tượng Chúa Kitô,6034,train
sample_006138,Tượng Chúa Kitô,6138,train
sample_006030,Tượng Chúa Kitô,6030,train
sample_006166,Tượng Chúa Kitô,6166,train
sample_006023,Tượng Chúa Kitô,6023,train
sample_006111,Tượng Chúa Kitô,6111,train
sample_006092,Tượng Chúa Kitô,6092,train
sample_006036,Tượng Chúa Kitô,6036,train
sample_006021,Tượng Chúa Kitô,6021,train
sample_006087,Tượng Chúa Kitô,6087,train
sample_006088,Tượng Chúa Kitô,6088,train
sample_006129,Tượng Chúa Kitô,6129,train
sample_006091,Tượng Chúa Kitô,6091,train
sample_006119,Tượng Chúa Kitô,6119,train
sample_006172,Tượng Chúa Kitô,6172,train
sample_006107,Tượng Chúa Kitô,6107,train
sample_006067,Tượng Chúa Kitô,6067,train
sample_006064,Tượng Chúa Kitô,6064,train
sample_006158,Tượng Chúa Kitô,6158,train
sample_006052,Tượng Chúa Kitô,6052,train
sample_006085,Tượng Chúa Kitô,6085,train
sample_006071,Tượng Chúa Kitô,6071,train
sample_006098,Tượng Chúa Kitô,6098,train
sample_006060,Tượng Chúa Kitô,6060,train
sample_006049,Tượng Chúa Kitô,6049,train
sample_006050,Tượng Chúa Kitô,6050,train
sample_006045,Tượng Chúa Kitô,6045,train
sample_006148,Tượng Chúa Kitô,6148,train
sample_006240,Văn Miếu - Quốc Tử Giám,6240,train
sample_006302,Văn Miếu - Quốc Tử Giám,6302,train
sample_006304,Văn Miếu - Quốc Tử Giám,6304,train
sample_006194,Văn Miếu - Quốc Tử Giám,6194,train
sample_006333,Văn Miếu - Quốc Tử Giám,6333,train
sample_006213,Văn Miếu - Quốc Tử Giám,6213,train
sample_006186,Văn Miếu - Quốc Tử Giám,6186,train
sample_006253,Văn Miếu - Quốc Tử Giám,6253,train
sample_006179,Văn Miếu - Quốc Tử Giám,6179,train
sample_006270,Văn Miếu - Quốc Tử Giám,6270,train
sample_006264,Văn Miếu - Quốc Tử Giám,6264,train
sample_006335,Văn Miếu - Quốc Tử Giám,6335,train
sample_006319,Văn Miếu - Quốc Tử Giám,6319,train
sample_006265,Văn Miếu - Quốc Tử Giám,6265,train
sample_006221,Văn Miếu - Quốc Tử Giám,6221,train
sample_006285,Văn Miếu - Quốc Tử Giám,6285,train
sample_006218,Văn Miếu - Quốc Tử Giám,6218,train
sample_006313,Văn Miếu - Quốc Tử Giám,6313,train
sample_006183,Văn Miếu - Quốc Tử Giám,6183,train
sample_006259,Văn Miếu - Quốc Tử Giám,6259,train
sample_006325,Văn Miếu - Quốc Tử Giám,6325,train
sample_006235,Văn Miếu - Quốc Tử Giám,6235,train
sample_006227,Văn Miếu - Quốc Tử Giám,6227,train
sample_006294,Văn Miếu - Quốc Tử Giám,6294,train
sample_006322,Văn Miếu - Quốc Tử Giám,6322,train
sample_006230,Văn Miếu - Quốc Tử Giám,6230,train
sample_006210,Văn Miếu - Quốc Tử Giám,6210,train
sample_006203,Văn Miếu - Quốc Tử Giám,6203,train
sample_006298,Văn Miếu - Quốc Tử Giám,6298,train
sample_006258,Văn Miếu - Quốc Tử Giám,6258,train
sample_006329,Văn Miếu - Quốc Tử Giám,6329,train
sample_006190,Văn Miếu - Quốc Tử Giám,6190,train
sample_006184,Văn Miếu - Quốc Tử Giám,6184,train
sample_006284,Văn Miếu - Quốc Tử Giám,6284,train
sample_006250,Văn Miếu - Quốc Tử Giám,6250,train
sample_006272,Văn Miếu - Quốc Tử Giám,6272,train
sample_006233,Văn Miếu - Quốc Tử Giám,6233,train
sample_006207,Văn Miếu - Quốc Tử Giám,6207,train
sample_006197,Văn Miếu - Quốc Tử Giám,6197,train
sample_006317,Văn Miếu - Quốc Tử Giám,6317,train
sample_006225,Văn Miếu - Quốc Tử Giám,6225,train
sample_006261,Văn Miếu - Quốc Tử Giám,6261,train
sample_006255,Văn Miếu - Quốc Tử Giám,6255,train
sample_006237,Văn Miếu - Quốc Tử Giám,6237,train
sample_006266,Văn Miếu - Quốc Tử Giám,6266,train
sample_006178,Văn Miếu - Quốc Tử Giám,6178,train
sample_006273,Văn Miếu - Quốc Tử Giám,6273,train
sample_006229,Văn Miếu - Quốc Tử Giám,6229,train
sample_006244,Văn Miếu - Quốc Tử Giám,6244,train
sample_006181,Văn Miếu - Quốc Tử Giám,6181,train
sample_006315,Văn Miếu - Quốc Tử Giám,6315,train
sample_006328,Văn Miếu - Quốc Tử Giám,6328,train
sample_006339,Văn Miếu - Quốc Tử Giám,6339,train
sample_006177,Văn Miếu - Quốc Tử Giám,6177,train
sample_006241,Văn Miếu - Quốc Tử Giám,6241,train
sample_006185,Văn Miếu - Quốc Tử Giám,6185,train
sample_006336,Văn Miếu - Quốc Tử Giám,6336,train
sample_006193,Văn Miếu - Quốc Tử Giám,6193,train
sample_006226,Văn Miếu - Quốc Tử Giám,6226,train
sample_006301,Văn Miếu - Quốc Tử Giám,6301,train
sample_006337,Văn Miếu - Quốc Tử Giám,6337,train
sample_006271,Văn Miếu - Quốc Tử Giám,6271,train
sample_006299,Văn Miếu - Quốc Tử Giám,6299,train
sample_006209,Văn Miếu - Quốc Tử Giám,6209,train
sample_006289,Văn Miếu - Quốc Tử Giám,6289,train
sample_006246,Văn Miếu - Quốc Tử Giám,6246,train
sample_006202,Văn Miếu - Quốc Tử Giám,6202,train
sample_006288,Văn Miếu - Quốc Tử Giám,6288,train
sample_006312,Văn Miếu - Quốc Tử Giám,6312,train
sample_006316,Văn Miếu - Quốc Tử Giám,6316,train
sample_006306,Văn Miếu - Quốc Tử Giám,6306,train
sample_006295,Văn Miếu - Quốc Tử Giám,6295,train
sample_006214,Văn Miếu - Quốc Tử Giám,6214,train
sample_006260,Văn Miếu - Quốc Tử Giám,6260,train
sample_006334,Văn Miếu - Quốc Tử Giám,6334,train
sample_006187,Văn Miếu - Quốc Tử Giám,6187,train
sample_006195,Văn Miếu - Quốc Tử Giám,6195,train
sample_006205,Văn Miếu - Quốc Tử Giám,6205,train
sample_006252,Văn Miếu - Quốc Tử Giám,6252,train
sample_006307,Văn Miếu - Quốc Tử Giám,6307,train
sample_006267,Văn Miếu - Quốc Tử Giám,6267,train
sample_006331,Văn Miếu - Quốc Tử Giám,6331,train
sample_006262,Văn Miếu - Quốc Tử Giám,6262,train
sample_006338,Văn Miếu - Quốc Tử Giám,6338,train
sample_006188,Văn Miếu - Quốc Tử Giám,6188,train
sample_006280,Văn Miếu - Quốc Tử Giám,6280,train
sample_006318,Văn Miếu - Quốc Tử Giám,6318,train
sample_006204,Văn Miếu - Quốc Tử Giám,6204,train
sample_006282,Văn Miếu - Quốc Tử Giám,6282,train
sample_006341,Văn Miếu - Quốc Tử Giám,6341,train
sample_006257,Văn Miếu - Quốc Tử Giám,6257,train
sample_006287,Văn Miếu - Quốc Tử Giám,6287,train
sample_006254,Văn Miếu - Quốc Tử Giám,6254,train
sample_006324,Văn Miếu - Quốc Tử Giám,6324,train
sample_006296,Văn Miếu - Quốc Tử Giám,6296,train
sample_006274,Văn Miếu - Quốc Tử Giám,6274,train
sample_006276,Văn Miếu - Quốc Tử Giám,6276,train
sample_006308,Văn Miếu - Quốc Tử Giám,6308,train
sample_006291,Văn Miếu - Quốc Tử Giám,6291,train
sample_006311,Văn Miếu - Quốc Tử Giám,6311,train
sample_006283,Văn Miếu - Quốc Tử Giám,6283,train
sample_006340,Văn Miếu - Quốc Tử Giám,6340,train
sample_006199,Văn Miếu - Quốc Tử Giám,6199,train
sample_006249,Văn Miếu - Quốc Tử Giám,6249,train
sample_006251,Văn Miếu - Quốc Tử Giám,6251,train
sample_006217,Văn Miếu - Quốc Tử Giám,6217,train
sample_006247,Văn Miếu - Quốc Tử Giám,6247,train
sample_006206,Văn Miếu - Quốc Tử Giám,6206,train
sample_006332,Văn Miếu - Quốc Tử Giám,6332,train
sample_006234,Văn Miếu - Quốc Tử Giám,6234,train
sample_006200,Văn Miếu - Quốc Tử Giám,6200,train
sample_006310,Văn Miếu - Quốc Tử Giám,6310,train
sample_006309,Văn Miếu - Quốc Tử Giám,6309,train
sample_006278,Văn Miếu - Quốc Tử Giám,6278,train
sample_006323,Văn Miếu - Quốc Tử Giám,6323,train
sample_006275,Văn Miếu - Quốc Tử Giám,6275,train
sample_006574,Vườn Quốc Gia Cúc Phương,6574,train
sample_006550,Vườn Quốc Gia Cúc Phương,6550,train
sample_006591,Vườn Quốc Gia Cúc Phương,6591,train
sample_006593,Vườn Quốc Gia Cúc Phương,6593,train
sample_006604,Vườn Quốc Gia Cúc Phương,6604,train
sample_006615,Vườn Quốc Gia Cúc Phương,6615,train
sample_006649,Vườn Quốc Gia Cúc Phương,6649,train
sample_006546,Vườn Quốc Gia Cúc Phương,6546,train
sample_006645,Vườn Quốc Gia Cúc Phương,6645,train
sample_006669,Vườn Quốc Gia Cúc Phương,6669,train
sample_006655,Vườn Quốc Gia Cúc Phương,6655,train
sample_006582,Vườn Quốc Gia Cúc Phương,6582,train
sample_006660,Vườn Quốc Gia Cúc Phương,6660,train
sample_006542,Vườn Quốc Gia Cúc Phương,6542,train
sample_006662,Vườn Quốc Gia Cúc Phương,6662,train
sample_006547,Vườn Quốc Gia Cúc Phương,6547,train
sample_006668,Vườn Quốc Gia Cúc Phương,6668,train
sample_006674,Vườn Quốc Gia Cúc Phương,6674,train
sample_006562,Vườn Quốc Gia Cúc Phương,6562,train
sample_006531,Vườn Quốc Gia Cúc Phương,6531,train
sample_006556,Vườn Quốc Gia Cúc Phương,6556,train
sample_006621,Vườn Quốc Gia Cúc Phương,6621,train
sample_006605,Vườn Quốc Gia Cúc Phương,6605,train
sample_006564,Vườn Quốc Gia Cúc Phương,6564,train
sample_006572,Vườn Quốc Gia Cúc Phương,6572,train
sample_006642,Vườn Quốc Gia Cúc Phương,6642,train
sample_006611,Vườn Quốc Gia Cúc Phương,6611,train
sample_006653,Vườn Quốc Gia Cúc Phương,6653,train
sample_006626,Vườn Quốc Gia Cúc Phương,6626,train
sample_006609,Vườn Quốc Gia Cúc Phương,6609,train
sample_006679,Vườn Quốc Gia Cúc Phương,6679,train
sample_006656,Vườn Quốc Gia Cúc Phương,6656,train
sample_006632,Vườn Quốc Gia Cúc Phương,6632,train
sample_006646,Vườn Quốc Gia Cúc Phương,6646,train
sample_006675,Vườn Quốc Gia Cúc Phương,6675,train
sample_006661,Vườn Quốc Gia Cúc Phương,6661,train
sample_006602,Vườn Quốc Gia Cúc Phương,6602,train
sample_006643,Vườn Quốc Gia Cúc Phương,6643,train
sample_006541,Vườn Quốc Gia Cúc Phương,6541,train
sample_006530,Vườn Quốc Gia Cúc Phương,6530,train
sample_006619,Vườn Quốc Gia Cúc Phương,6619,train
sample_006595,Vườn Quốc Gia Cúc Phương,6595,train
sample_006575,Vườn Quốc Gia Cúc Phương,6575,train
sample_006532,Vườn Quốc Gia Cúc Phương,6532,train
sample_006536,Vườn Quốc Gia Cúc Phương,6536,train
sample_006539,Vườn Quốc Gia Cúc Phương,6539,train
sample_006680,Vườn Quốc Gia Cúc Phương,6680,train
sample_006678,Vườn Quốc Gia Cúc Phương,6678,train
sample_006654,Vườn Quốc Gia Cúc Phương,6654,train
sample_006638,Vườn Quốc Gia Cúc Phương,6638,train
sample_006627,Vườn Quốc Gia Cúc Phương,6627,train
sample_006634,Vườn Quốc Gia Cúc Phương,6634,train
sample_006671,Vườn Quốc Gia Cúc Phương,6671,train
sample_006567,Vườn Quốc Gia Cúc Phương,6567,train
sample_006651,Vườn Quốc Gia Cúc Phương,6651,train
sample_006635,Vườn Quốc Gia Cúc Phương,6635,train
sample_006525,Vườn Quốc Gia Cúc Phương,6525,train
sample_006614,Vườn Quốc Gia Cúc Phương,6614,train
sample_006548,Vườn Quốc Gia Cúc Phương,6548,train
sample_006543,Vườn Quốc Gia Cúc Phương,6543,train
sample_006578,Vườn Quốc Gia Cúc Phương,6578,train
sample_006625,Vườn Quốc Gia Cúc Phương,6625,train
sample_006529,Vườn Quốc Gia Cúc Phương,6529,train
sample_006551,Vườn Quốc Gia Cúc Phương,6551,train
sample_006637,Vườn Quốc Gia Cúc Phương,6637,train
sample_006640,Vườn Quốc Gia Cúc Phương,6640,train
sample_006677,Vườn Quốc Gia Cúc Phương,6677,train
sample_006670,Vườn Quốc Gia Cúc Phương,6670,train
sample_006608,Vườn Quốc Gia Cúc Phương,6608,train
sample_006657,Vườn Quốc Gia Cúc Phương,6657,train
sample_006553,Vườn Quốc Gia Cúc Phương,6553,train
sample_006596,Vườn Quốc Gia Cúc Phương,6596,train
sample_006589,Vườn Quốc Gia Cúc Phương,6589,train
sample_006577,Vườn Quốc Gia Cúc Phương,6577,train
sample_006557,Vườn Quốc Gia Cúc Phương,6557,train
sample_006617,Vườn Quốc Gia Cúc Phương,6617,train
sample_006524,Vườn Quốc Gia Cúc Phương,6524,train
sample_006592,Vườn Quốc Gia Cúc Phương,6592,train
sample_006630,Vườn Quốc Gia Cúc Phương,6630,train
sample_006663,Vườn Quốc Gia Cúc Phương,6663,train
sample_006526,Vườn Quốc Gia Cúc Phương,6526,train
sample_006631,Vườn Quốc Gia Cúc Phương,6631,train
sample_006598,Vườn Quốc Gia Cúc Phương,6598,train
sample_006650,Vườn Quốc Gia Cúc Phương,6650,train
sample_006583,Vườn Quốc Gia Cúc Phương,6583,train
sample_006523,Vườn Quốc Gia Cúc Phương,6523,train
sample_006566,Vườn Quốc Gia Cúc Phương,6566,train
sample_006588,Vườn Quốc Gia Cúc Phương,6588,train
sample_006584,Vườn Quốc Gia Cúc Phương,6584,train
sample_006648,Vườn Quốc Gia Cúc Phương,6648,train
sample_006612,Vườn Quốc Gia Cúc Phương,6612,train
sample_006610,Vườn Quốc Gia Cúc Phương,6610,train
sample_006628,Vườn Quốc Gia Cúc Phương,6628,train
sample_006673,Vườn Quốc Gia Cúc Phương,6673,train
sample_006672,Vườn Quốc Gia Cúc Phương,6672,train
sample_006570,Vườn Quốc Gia Cúc Phương,6570,train
sample_006573,Vườn Quốc Gia Cúc Phương,6573,train
sample_006665,Vườn Quốc Gia Cúc Phương,6665,train
sample_006568,Vườn Quốc Gia Cúc Phương,6568,train
sample_006624,Vườn Quốc Gia Cúc Phương,6624,train
sample_006599,Vườn Quốc Gia Cúc Phương,6599,train
sample_006636,Vườn Quốc Gia Cúc Phương,6636,train
sample_006658,Vườn Quốc Gia Cúc Phương,6658,train
sample_006639,Vườn Quốc Gia Cúc Phương,6639,train
sample_006633,Vườn Quốc Gia Cúc Phương,6633,train
sample_006594,Vườn Quốc Gia Cúc Phương,6594,train
sample_006537,Vườn Quốc Gia Cúc Phương,6537,train
sample_006644,Vườn Quốc Gia Cúc Phương,6644,train
sample_006629,Vườn Quốc Gia Cúc Phương,6629,train
sample_006587,Vườn Quốc Gia Cúc Phương,6587,train
sample_006618,Vườn Quốc Gia Cúc Phương,6618,train
sample_006558,Vườn Quốc Gia Cúc Phương,6558,train
sample_006561,Vườn Quốc Gia Cúc Phương,6561,train
sample_006377,Vịnh Hạ Long,6377,train
sample_006424,Vịnh Hạ Long,6424,train
sample_006459,Vịnh Hạ Long,6459,train
sample_006513,Vịnh Hạ Long,6513,train
sample_006358,Vịnh Hạ Long,6358,train
sample_006454,Vịnh Hạ Long,6454,train
sample_006461,Vịnh Hạ Long,6461,train
sample_006364,Vịnh Hạ Long,6364,train
sample_006415,Vịnh Hạ Long,6415,train
sample_006423,Vịnh Hạ Long,6423,train
sample_006440,Vịnh Hạ Long,6440,train
sample_006463,Vịnh Hạ Long,6463,train
sample_006410,Vịnh Hạ Long,6410,train
sample_006369,Vịnh Hạ Long,6369,train
sample_006514,Vịnh Hạ Long,6514,train
sample_006354,Vịnh Hạ Long,6354,train
sample_006469,Vịnh Hạ Long,6469,train
sample_006516,Vịnh Hạ Long,6516,train
sample_006441,Vịnh Hạ Long,6441,train
sample_006361,Vịnh Hạ Long,6361,train
sample_006376,Vịnh Hạ Long,6376,train
sample_006409,Vịnh Hạ Long,6409,train
sample_006390,Vịnh Hạ Long,6390,train
sample_006506,Vịnh Hạ Long,6506,train
sample_006362,Vịnh Hạ Long,6362,train
sample_006449,Vịnh Hạ Long,6449,train
sample_006486,Vịnh Hạ Long,6486,train
sample_006350,Vịnh Hạ Long,6350,train
sample_006493,Vịnh Hạ Long,6493,train
sample_006520,Vịnh Hạ Long,6520,train
sample_006421,Vịnh Hạ Long,6421,train
sample_006386,Vịnh Hạ Long,6386,train
sample_006479,Vịnh Hạ Long,6479,train
sample_006348,Vịnh Hạ Long,6348,train
sample_006503,Vịnh Hạ Long,6503,train
sample_006411,Vịnh Hạ Long,6411,train
sample_006360,Vịnh Hạ Long,6360,train
sample_006427,Vịnh Hạ Long,6427,train
sample_006460,Vịnh Hạ Long,6460,train
sample_006455,Vịnh Hạ Long,6455,train
sample_006442,Vịnh Hạ Long,6442,train
sample_006518,Vịnh Hạ Long,6518,train
sample_006342,Vịnh Hạ Long,6342,train
sample_006487,Vịnh Hạ Long,6487,train
sample_006476,Vịnh Hạ Long,6476,train
sample_006500,Vịnh Hạ Long,6500,train
sample_006381,Vịnh Hạ Long,6381,train
sample_006383,Vịnh Hạ Long,6383,train
sample_006492,Vịnh Hạ Long,6492,train
sample_006417,Vịnh Hạ Long,6417,train
sample_006515,Vịnh Hạ Long,6515,train
sample_006509,Vịnh Hạ Long,6509,train
sample_006431,Vịnh Hạ Long,6431,train
sample_006368,Vịnh Hạ Long,6368,train
sample_006448,Vịnh Hạ Long,6448,train
sample_006397,Vịnh Hạ Long,6397,train
sample_006422,Vịnh Hạ Long,6422,train
sample_006396,Vịnh Hạ Long,6396,train
sample_006387,Vịnh Hạ Long,6387,train
sample_006374,Vịnh Hạ Long,6374,train
sample_006434,Vịnh Hạ Long,6434,train
sample_006483,Vịnh Hạ Long,6483,train
sample_006392,Vịnh Hạ Long,6392,train
sample_006507,Vịnh Hạ Long,6507,train
sample_006380,Vịnh Hạ Long,6380,train
sample_006499,Vịnh Hạ Long,6499,train
sample_006474,Vịnh Hạ Long,6474,train
sample_006471,Vịnh Hạ Long,6471,train
sample_006501,Vịnh Hạ Long,6501,train
sample_006457,Vịnh Hạ Long,6457,train
sample_006363,Vịnh Hạ Long,6363,train
sample_006426,Vịnh Hạ Long,6426,train
sample_006466,Vịnh Hạ Long,6466,train
sample_006470,Vịnh Hạ Long,6470,train
sample_006353,Vịnh Hạ Long,6353,train
sample_006482,Vịnh Hạ Long,6482,train
sample_006403,Vịnh Hạ Long,6403,train
sample_006477,Vịnh Hạ Long,6477,train
sample_006436,Vịnh Hạ Long,6436,train
sample_006485,Vịnh Hạ Long,6485,train
sample_006445,Vịnh Hạ Long,6445,train
sample_006405,Vịnh Hạ Long,6405,train
sample_006379,Vịnh Hạ Long,6379,train
sample_006508,Vịnh Hạ Long,6508,train
sample_006344,Vịnh Hạ Long,6344,train
sample_006367,Vịnh Hạ Long,6367,train
sample_006401,Vịnh Hạ Long,6401,train
sample_006420,Vịnh Hạ Long,6420,train
sample_006517,Vịnh Hạ Long,6517,train
sample_006496,Vịnh Hạ Long,6496,train
sample_006418,Vịnh Hạ Long,6418,train
sample_006443,Vịnh Hạ Long,6443,train
sample_006478,Vịnh Hạ Long,6478,train
sample_006398,Vịnh Hạ Long,6398,train
sample_006462,Vịnh Hạ Long,6462,train
sample_006480,Vịnh Hạ Long,6480,train
sample_006388,Vịnh Hạ Long,6388,train
sample_006391,Vịnh Hạ Long,6391,train
sample_006394,Vịnh Hạ Long,6394,train
sample_006413,Vịnh Hạ Long,6413,train
sample_006395,Vịnh Hạ Long,6395,train
sample_006511,Vịnh Hạ Long,6511,train
sample_006347,Vịnh Hạ Long,6347,train
sample_006439,Vịnh Hạ Long,6439,train
sample_006371,Vịnh Hạ Long,6371,train
sample_006370,Vịnh Hạ Long,6370,train
sample_006446,Vịnh Hạ Long,6446,train
sample_006404,Vịnh Hạ Long,6404,train
sample_006447,Vịnh Hạ Long,6447,train
sample_006494,Vịnh Hạ Long,6494,train
sample_006432,Vịnh Hạ Long,6432,train
sample_006512,Vịnh Hạ Long,6512,train
sample_006400,Vịnh Hạ Long,6400,train
sample_006428,Vịnh Hạ Long,6428,train
sample_006351,Vịnh Hạ Long,6351,train
sample_006389,Vịnh Hạ Long,6389,train
sample_006519,Vịnh Hạ Long,6519,train
sample_006384,Vịnh Hạ Long,6384,train
sample_006473,Vịnh Hạ Long,6473,train
sample_006393,Vịnh Hạ Long,6393,train
sample_006510,Vịnh Hạ Long,6510,train
sample_006356,Vịnh Hạ Long,6356,train
sample_006346,Vịnh Hạ Long,6346,train
sample_006502,Vịnh Hạ Long,6502,train
sample_006488,Vịnh Hạ Long,6488,train
sample_002134,Đèo Hải Vân,2134,train
sample_002162,Đèo Hải Vân,2162,train
sample_002209,Đèo Hải Vân,2209,train
sample_002242,Đèo Hải Vân,2242,train
sample_002196,Đèo Hải Vân,2196,train
sample_002120,Đèo Hải Vân,2120,train
sample_002145,Đèo Hải Vân,2145,train
sample_002174,Đèo Hải Vân,2174,train
sample_002246,Đèo Hải Vân,2246,train
sample_002122,Đèo Hải Vân,2122,train
sample_002131,Đèo Hải Vân,2131,train
sample_002237,Đèo Hải Vân,2237,train
sample_002256,Đèo Hải Vân,2256,train
sample_002220,Đèo Hải Vân,2220,train
sample_002221,Đèo Hải Vân,2221,train
sample_002245,Đèo Hải Vân,2245,train
sample_002235,Đèo Hải Vân,2235,train
sample_002238,Đèo Hải Vân,2238,train
sample_002138,Đèo Hải Vân,2138,train
sample_002228,Đèo Hải Vân,2228,train
sample_002191,Đèo Hải Vân,2191,train
sample_002154,Đèo Hải Vân,2154,train
sample_002187,Đèo Hải Vân,2187,train
sample_002236,Đèo Hải Vân,2236,train
sample_002151,Đèo Hải Vân,2151,train
sample_002146,Đèo Hải Vân,2146,train
sample_002157,Đèo Hải Vân,2157,train
sample_002214,Đèo Hải Vân,2214,train
sample_002183,Đèo Hải Vân,2183,train
sample_002216,Đèo Hải Vân,2216,train
sample_002136,Đèo Hải Vân,2136,train
sample_002163,Đèo Hải Vân,2163,train
sample_002170,Đèo Hải Vân,2170,train
sample_002123,Đèo Hải Vân,2123,train
sample_002169,Đèo Hải Vân,2169,train
sample_002135,Đèo Hải Vân,2135,train
sample_002206,Đèo Hải Vân,2206,train
sample_002156,Đèo Hải Vân,2156,train
sample_002254,Đèo Hải Vân,2254,train
sample_002217,Đèo Hải Vân,2217,train
sample_002158,Đèo Hải Vân,2158,train
sample_002195,Đèo Hải Vân,2195,train
sample_002177,Đèo Hải Vân,2177,train
sample_002184,Đèo Hải Vân,2184,train
sample_002231,Đèo Hải Vân,2231,train
sample_002167,Đèo Hải Vân,2167,train
sample_002164,Đèo Hải Vân,2164,train
sample_002199,Đèo Hải Vân,2199,train
sample_002213,Đèo Hải Vân,2213,train
sample_002233,Đèo Hải Vân,2233,train
sample_002247,Đèo Hải Vân,2247,train
sample_002125,Đèo Hải Vân,2125,train
sample_002198,Đèo Hải Vân,2198,train
sample_002147,Đèo Hải Vân,2147,train
sample_002129,Đèo Hải Vân,2129,train
sample_002171,Đèo Hải Vân,2171,train
sample_002182,Đèo Hải Vân,2182,train
sample_002142,Đèo Hải Vân,2142,train
sample_002172,Đèo Hải Vân,2172,train
sample_002239,Đèo Hải Vân,2239,train
sample_002230,Đèo Hải Vân,2230,train
sample_002225,Đèo Hải Vân,2225,train
sample_002226,Đèo Hải Vân,2226,train
sample_002181,Đèo Hải Vân,2181,train
sample_002251,Đèo Hải Vân,2251,train
sample_002224,Đèo Hải Vân,2224,train
sample_002207,Đèo Hải Vân,2207,train
sample_002168,Đèo Hải Vân,2168,train
sample_002190,Đèo Hải Vân,2190,train
sample_002148,Đèo Hải Vân,2148,train
sample_002234,Đèo Hải Vân,2234,train
sample_002203,Đèo Hải Vân,2203,train
sample_002179,Đèo Hải Vân,2179,train
sample_002250,Đèo Hải Vân,2250,train
sample_002211,Đèo Hải Vân,2211,train
sample_002241,Đèo Hải Vân,2241,train
sample_002152,Đèo Hải Vân,2152,train
sample_002161,Đèo Hải Vân,2161,train
sample_002243,Đèo Hải Vân,2243,train
sample_002255,Đèo Hải Vân,2255,train
sample_002128,Đèo Hải Vân,2128,train
sample_002189,Đèo Hải Vân,2189,train
sample_002119,Đèo Hải Vân,2119,train
sample_002227,Đèo Hải Vân,2227,train
sample_002141,Đèo Hải Vân,2141,train
sample_002193,Đèo Hải Vân,2193,train
sample_002244,Đèo Hải Vân,2244,train
sample_002176,Đèo Hải Vân,2176,train
sample_002140,Đèo Hải Vân,2140,train
sample_002252,Đèo Hải Vân,2252,train
sample_002192,Đèo Hải Vân,2192,train
sample_002257,Đèo Hải Vân,2257,train
sample_002215,Đèo Hải Vân,2215,train
sample_002219,Đèo Hải Vân,2219,train
sample_002173,Đèo Hải Vân,2173,train
sample_002178,Đèo Hải Vân,2178,train
sample_002188,Đèo Hải Vân,2188,train
sample_001606,Đại Nội Huế,1606,train
sample_001547,Đại Nội Huế,1547,train
sample_001562,Đại Nội Huế,1562,train
sample_001497,Đại Nội Huế,1497,train
sample_001469,Đại Nội Huế,1469,train
sample_001494,Đại Nội Huế,1494,train
sample_001574,Đại Nội Huế,1574,train
sample_001510,Đại Nội Huế,1510,train
sample_001513,Đại Nội Huế,1513,train
sample_001471,Đại Nội Huế,1471,train
sample_001515,Đại Nội Huế,1515,train
sample_001454,Đại Nội Huế,1454,train
sample_001481,Đại Nội Huế,1481,train
sample_001544,Đại Nội Huế,1544,train
sample_001622,Đại Nội Huế,1622,train
sample_001540,Đại Nội Huế,1540,train
sample_001611,Đại Nội Huế,1611,train
sample_001590,Đại Nội Huế,1590,train
sample_001575,Đại Nội Huế,1575,train
sample_001542,Đại Nội Huế,1542,train
sample_001569,Đại Nội Huế,1569,train
sample_001621,Đại Nội Huế,1621,train
sample_001572,Đại Nội Huế,1572,train
sample_001486,Đại Nội Huế,1486,train
sample_001555,Đại Nội Huế,1555,train
sample_001499,Đại Nội Huế,1499,train
sample_001518,Đại Nội Huế,1518,train
sample_001524,Đại Nội Huế,1524,train
sample_001502,Đại Nội Huế,1502,train
sample_001487,Đại Nội Huế,1487,train
sample_001612,Đại Nội Huế,1612,train
sample_001630,Đại Nội Huế,1630,train
sample_001570,Đại Nội Huế,1570,train
sample_001455,Đại Nội Huế,1455,train
sample_001463,Đại Nội Huế,1463,train
sample_001461,Đại Nội Huế,1461,train
sample_001563,Đại Nội Huế,1563,train
sample_001535,Đại Nội Huế,1535,train
sample_001549,Đại Nội Huế,1549,train
sample_001603,Đại Nội Huế,1603,train
sample_001566,Đại Nội Huế,1566,train
sample_001520,Đại Nội Huế,1520,train
sample_001599,Đại Nội Huế,1599,train
sample_001505,Đại Nội Huế,1505,train
sample_001472,Đại Nội Huế,1472,train
sample_001519,Đại Nội Huế,1519,train
sample_001485,Đại Nội Huế,1485,train
sample_001465,Đại Nội Huế,1465,train
sample_001608,Đại Nội Huế,1608,train
sample_001613,Đại Nội Huế,1613,train
sample_001507,Đại Nội Huế,1507,train
sample_001512,Đại Nội Huế,1512,train
sample_001511,Đại Nội Huế,1511,train
sample_001545,Đại Nội Huế,1545,train
sample_001591,Đại Nội Huế,1591,train
sample_001607,Đại Nội Huế,1607,train
sample_001556,Đại Nội Huế,1556,train
sample_001477,Đại Nội Huế,1477,train
sample_001537,Đại Nội Huế,1537,train
sample_001578,Đại Nội Huế,1578,train
sample_001539,Đại Nội Huế,1539,train
sample_001551,Đại Nội Huế,1551,train
sample_001504,Đại Nội Huế,1504,train
sample_001525,Đại Nội Huế,1525,train
sample_001548,Đại Nội Huế,1548,train
sample_001587,Đại Nội Huế,1587,train
sample_001474,Đại Nội Huế,1474,train
sample_001625,Đại Nội Huế,1625,train
sample_001500,Đại Nội Huế,1500,train
sample_001576,Đại Nội Huế,1576,train
sample_001582,Đại Nội Huế,1582,train
sample_001604,Đại Nội Huế,1604,train
sample_001552,Đại Nội Huế,1552,train
sample_001475,Đại Nội Huế,1475,train
sample_001534,Đại Nội Huế,1534,train
sample_001626,Đại Nội Huế,1626,train
sample_001529,Đại Nội Huế,1529,train
sample_001480,Đại Nội Huế,1480,train
sample_001627,Đại Nội Huế,1627,train
sample_001462,Đại Nội Huế,1462,train
sample_001609,Đại Nội Huế,1609,train
sample_001459,Đại Nội Huế,1459,train
sample_001614,Đại Nội Huế,1614,train
sample_001616,Đại Nội Huế,1616,train
sample_001579,Đại Nội Huế,1579,train
sample_001509,Đại Nội Huế,1509,train
sample_001468,Đại Nội Huế,1468,train
sample_001546,Đại Nội Huế,1546,train
sample_001521,Đại Nội Huế,1521,train
sample_001526,Đại Nội Huế,1526,train
sample_001581,Đại Nội Huế,1581,train
sample_001618,Đại Nội Huế,1618,train
sample_001610,Đại Nội Huế,1610,train
sample_001522,Đại Nội Huế,1522,train
sample_001538,Đại Nội Huế,1538,train
sample_001601,Đại Nội Huế,1601,train
sample_001490,Đại Nội Huế,1490,train
sample_001483,Đại Nội Huế,1483,train
sample_001557,Đại Nội Huế,1557,train
sample_001516,Đại Nội Huế,1516,train
sample_001493,Đại Nội Huế,1493,train
sample_001533,Đại Nội Huế,1533,train
sample_001482,Đại Nội Huế,1482,train
sample_001501,Đại Nội Huế,1501,train
sample_001573,Đại Nội Huế,1573,train
sample_001558,Đại Nội Huế,1558,train
sample_001553,Đại Nội Huế,1553,train
sample_001568,Đại Nội Huế,1568,train
sample_001624,Đại Nội Huế,1624,train
sample_001585,Đại Nội Huế,1585,train
sample_001536,Đại Nội Huế,1536,train
sample_001632,Đại Nội Huế,1632,train
sample_001586,Đại Nội Huế,1586,train
sample_001476,Đại Nội Huế,1476,train
sample_001543,Đại Nội Huế,1543,train
sample_001560,Đại Nội Huế,1560,train
sample_001492,Đại Nội Huế,1492,train
sample_001496,Đại Nội Huế,1496,train
sample_001498,Đại Nội Huế,1498,train
sample_001617,Đại Nội Huế,1617,train
sample_001528,Đại Nội Huế,1528,train
sample_001593,Đại Nội Huế,1593,train
sample_001479,Đại Nội Huế,1479,train
sample_001583,Đại Nội Huế,1583,train
sample_001567,Đại Nội Huế,1567,train
sample_001594,Đại Nội Huế,1594,train
sample_001561,Đại Nội Huế,1561,train
sample_001503,Đại Nội Huế,1503,train
sample_001717,Đảo Cù Lao Chàm,1717,train
sample_001679,Đảo Cù Lao Chàm,1679,train
sample_001720,Đảo Cù Lao Chàm,1720,train
sample_001786,Đảo Cù Lao Chàm,1786,train
sample_001736,Đảo Cù Lao Chàm,1736,train
sample_001742,Đảo Cù Lao Chàm,1742,train
sample_001636,Đảo Cù Lao Chàm,1636,train
sample_001748,Đảo Cù Lao Chàm,1748,train
sample_001664,Đảo Cù Lao Chàm,1664,train
sample_001680,Đảo Cù Lao Chàm,1680,train
sample_001781,Đảo Cù Lao Chàm,1781,train
sample_001670,Đảo Cù Lao Chàm,1670,train
sample_001758,Đảo Cù Lao Chàm,1758,train
sample_001710,Đảo Cù Lao Chàm,1710,train
sample_001712,Đảo Cù Lao Chàm,1712,train
sample_001668,Đảo Cù Lao Chàm,1668,train
sample_001686,Đảo Cù Lao Chàm,1686,train
sample_001782,Đảo Cù Lao Chàm,1782,train
sample_001718,Đảo Cù Lao Chàm,1718,train
sample_001648,Đảo Cù Lao Chàm,1648,train
sample_001645,Đảo Cù Lao Chàm,1645,train
sample_001726,Đảo Cù Lao Chàm,1726,train
sample_001812,Đảo Cù Lao Chàm,1812,train
sample_001761,Đảo Cù Lao Chàm,1761,train
sample_001806,Đảo Cù Lao Chàm,1806,train
sample_001740,Đảo Cù Lao Chàm,1740,train
sample_001647,Đảo Cù Lao Chàm,1647,train
sample_001705,Đảo Cù Lao Chàm,1705,train
sample_001704,Đảo Cù Lao Chàm,1704,train
sample_001671,Đảo Cù Lao Chàm,1671,train
sample_001732,Đảo Cù Lao Chàm,1732,train
sample_001685,Đảo Cù Lao Chàm,1685,train
sample_001792,Đảo Cù Lao Chàm,1792,train
sample_001644,Đảo Cù Lao Chàm,1644,train
sample_001730,Đảo Cù Lao Chàm,1730,train
sample_001778,Đảo Cù Lao Chàm,1778,train
sample_001654,Đảo Cù Lao Chàm,1654,train
sample_001772,Đảo Cù Lao Chàm,1772,train
sample_001739,Đảo Cù Lao Chàm,1739,train
sample_001776,Đảo Cù Lao Chàm,1776,train
sample_001662,Đảo Cù Lao Chàm,1662,train
sample_001692,Đảo Cù Lao Chàm,1692,train
sample_001805,Đảo Cù Lao Chàm,1805,train
sample_001787,Đảo Cù Lao Chàm,1787,train
sample_001713,Đảo Cù Lao Chàm,1713,train
sample_001639,Đảo Cù Lao Chàm,1639,train
sample_001709,Đảo Cù Lao Chàm,1709,train
sample_001683,Đảo Cù Lao Chàm,1683,train
sample_001752,Đảo Cù Lao Chàm,1752,train
sample_001674,Đảo Cù Lao Chàm,1674,train
sample_001697,Đảo Cù Lao Chàm,1697,train
sample_001715,Đảo Cù Lao Chàm,1715,train
sample_001744,Đảo Cù Lao Chàm,1744,train
sample_001687,Đảo Cù Lao Chàm,1687,train
sample_001725,Đảo Cù Lao Chàm,1725,train
sample_001766,Đảo Cù Lao Chàm,1766,train
sample_001768,Đảo Cù Lao Chàm,1768,train
sample_001788,Đảo Cù Lao Chàm,1788,train
sample_001642,Đảo Cù Lao Chàm,1642,train
sample_001793,Đảo Cù Lao Chàm,1793,train
sample_001783,Đảo Cù Lao Chàm,1783,train
sample_001749,Đảo Cù Lao Chàm,1749,train
sample_001763,Đảo Cù Lao Chàm,1763,train
sample_001691,Đảo Cù Lao Chàm,1691,train
sample_001755,Đảo Cù Lao Chàm,1755,train
sample_001696,Đảo Cù Lao Chàm,1696,train
sample_001702,Đảo Cù Lao Chàm,1702,train
sample_001714,Đảo Cù Lao Chàm,1714,train
sample_001746,Đảo Cù Lao Chàm,1746,train
sample_001764,Đảo Cù Lao Chàm,1764,train
sample_001661,Đảo Cù Lao Chàm,1661,train
sample_001735,Đảo Cù Lao Chàm,1735,train
sample_001773,Đảo Cù Lao Chàm,1773,train
sample_001653,Đảo Cù Lao Chàm,1653,train
sample_001760,Đảo Cù Lao Chàm,1760,train
sample_001804,Đảo Cù Lao Chàm,1804,train
sample_001756,Đảo Cù Lao Chàm,1756,train
sample_001678,Đảo Cù Lao Chàm,1678,train
sample_001649,Đảo Cù Lao Chàm,1649,train
sample_001800,Đảo Cù Lao Chàm,1800,train
sample_001698,Đảo Cù Lao Chàm,1698,train
sample_001677,Đảo Cù Lao Chàm,1677,train
sample_001771,Đảo Cù Lao Chàm,1771,train
sample_001676,Đảo Cù Lao Chàm,1676,train
sample_001693,Đảo Cù Lao Chàm,1693,train
sample_001754,Đảo Cù Lao Chàm,1754,train
sample_001811,Đảo Cù Lao Chàm,1811,train
sample_001660,Đảo Cù Lao Chàm,1660,train
sample_001706,Đảo Cù Lao Chàm,1706,train
sample_001745,Đảo Cù Lao Chàm,1745,train
sample_001675,Đảo Cù Lao Chàm,1675,train
sample_001700,Đảo Cù Lao Chàm,1700,train
sample_001657,Đảo Cù Lao Chàm,1657,train
sample_001757,Đảo Cù Lao Chàm,1757,train
sample_001690,Đảo Cù Lao Chàm,1690,train
sample_001751,Đảo Cù Lao Chàm,1751,train
sample_001719,Đảo Cù Lao Chàm,1719,train
sample_001795,Đảo Cù Lao Chàm,1795,train
sample_001695,Đảo Cù Lao Chàm,1695,train
sample_001646,Đảo Cù Lao Chàm,1646,train
sample_001750,Đảo Cù Lao Chàm,1750,train
sample_001802,Đảo Cù Lao Chàm,1802,train
sample_001729,Đảo Cù Lao Chàm,1729,train
sample_001635,Đảo Cù Lao Chàm,1635,train
sample_001743,Đảo Cù Lao Chàm,1743,train
sample_001810,Đảo Cù Lao Chàm,1810,train
sample_001803,Đảo Cù Lao Chàm,1803,train
sample_001663,Đảo Cù Lao Chàm,1663,train
sample_001784,Đảo Cù Lao Chàm,1784,train
sample_001707,Đảo Cù Lao Chàm,1707,train
sample_001655,Đảo Cù Lao Chàm,1655,train
sample_001684,Đảo Cù Lao Chàm,1684,train
sample_001659,Đảo Cù Lao Chàm,1659,train
sample_001765,Đảo Cù Lao Chàm,1765,train
sample_001797,Đảo Cù Lao Chàm,1797,train
sample_001791,Đảo Cù Lao Chàm,1791,train
sample_001808,Đảo Cù Lao Chàm,1808,train
sample_001727,Đảo Cù Lao Chàm,1727,train
sample_001638,Đảo Cù Lao Chàm,1638,train
sample_001796,Đảo Cù Lao Chàm,1796,train
sample_001669,Đảo Cù Lao Chàm,1669,train
sample_001673,Đảo Cù Lao Chàm,1673,train
sample_001777,Đảo Cù Lao Chàm,1777,train
sample_001723,Đảo Cù Lao Chàm,1723,train
sample_001652,Đảo Cù Lao Chàm,1652,train
sample_001785,Đảo Cù Lao Chàm,1785,train
sample_001917,Đảo Lý Sơn,1917,train
sample_001870,Đảo Lý Sơn,1870,train
sample_001914,Đảo Lý Sơn,1914,train
sample_001958,Đảo Lý Sơn,1958,train
sample_001869,Đảo Lý Sơn,1869,train
sample_001957,Đảo Lý Sơn,1957,train
sample_001840,Đảo Lý Sơn,1840,train
sample_001838,Đảo Lý Sơn,1838,train
sample_001910,Đảo Lý Sơn,1910,train
sample_001932,Đảo Lý Sơn,1932,train
sample_001876,Đảo Lý Sơn,1876,train
sample_001828,Đảo Lý Sơn,1828,train
sample_001873,Đảo Lý Sơn,1873,train
sample_001912,Đảo Lý Sơn,1912,train
sample_001890,Đảo Lý Sơn,1890,train
sample_001900,Đảo Lý Sơn,1900,train
sample_001881,Đảo Lý Sơn,1881,train
sample_001867,Đảo Lý Sơn,1867,train
sample_001843,Đảo Lý Sơn,1843,train
sample_001824,Đảo Lý Sơn,1824,train
sample_001916,Đảo Lý Sơn,1916,train
sample_001946,Đảo Lý Sơn,1946,train
sample_001911,Đảo Lý Sơn,1911,train
sample_001892,Đảo Lý Sơn,1892,train
sample_001909,Đảo Lý Sơn,1909,train
sample_001850,Đảo Lý Sơn,1850,train
sample_001885,Đảo Lý Sơn,1885,train
sample_001935,Đảo Lý Sơn,1935,train
sample_001927,Đảo Lý Sơn,1927,train
sample_001853,Đảo Lý Sơn,1853,train
sample_001820,Đảo Lý Sơn,1820,train
sample_001907,Đảo Lý Sơn,1907,train
sample_001922,Đảo Lý Sơn,1922,train
sample_001860,Đảo Lý Sơn,1860,train
sample_001874,Đảo Lý Sơn,1874,train
sample_001933,Đảo Lý Sơn,1933,train
sample_001937,Đảo Lý Sơn,1937,train
sample_001930,Đảo Lý Sơn,1930,train
sample_001897,Đảo Lý Sơn,1897,train
sample_001854,Đảo Lý Sơn,1854,train
sample_001819,Đảo Lý Sơn,1819,train
sample_001891,Đảo Lý Sơn,1891,train
sample_001871,Đảo Lý Sơn,1871,train
sample_001905,Đảo Lý Sơn,1905,train
sample_001945,Đảo Lý Sơn,1945,train
sample_001857,Đảo Lý Sơn,1857,train
sample_001938,Đảo Lý Sơn,1938,train
sample_001893,Đảo Lý Sơn,1893,train
sample_001894,Đảo Lý Sơn,1894,train
sample_001928,Đảo Lý Sơn,1928,train
sample_001895,Đảo Lý Sơn,1895,train
sample_001934,Đảo Lý Sơn,1934,train
sample_001952,Đảo Lý Sơn,1952,train
sample_001886,Đảo Lý Sơn,1886,train
sample_001882,Đảo Lý Sơn,1882,train
sample_001831,Đảo Lý Sơn,1831,train
sample_001883,Đảo Lý Sơn,1883,train
sample_001848,Đảo Lý Sơn,1848,train
sample_001925,Đảo Lý Sơn,1925,train
sample_001847,Đảo Lý Sơn,1847,train
sample_001944,Đảo Lý Sơn,1944,train
sample_001818,Đảo Lý Sơn,1818,train
sample_001904,Đảo Lý Sơn,1904,train
sample_001951,Đảo Lý Sơn,1951,train
sample_001918,Đảo Lý Sơn,1918,train
sample_001950,Đảo Lý Sơn,1950,train
sample_001845,Đảo Lý Sơn,1845,train
sample_001856,Đảo Lý Sơn,1856,train
sample_001849,Đảo Lý Sơn,1849,train
sample_001830,Đảo Lý Sơn,1830,train
sample_001877,Đảo Lý Sơn,1877,train
sample_001889,Đảo Lý Sơn,1889,train
sample_001887,Đảo Lý Sơn,1887,train
sample_001954,Đảo Lý Sơn,1954,train
sample_001901,Đảo Lý Sơn,1901,train
sample_001924,Đảo Lý Sơn,1924,train
sample_001908,Đảo Lý Sơn,1908,train
sample_001898,Đảo Lý Sơn,1898,train
sample_001915,Đảo Lý Sơn,1915,train
sample_001919,Đảo Lý Sơn,1919,train
sample_001852,Đảo Lý Sơn,1852,train
sample_001875,Đảo Lý Sơn,1875,train
sample_001929,Đảo Lý Sơn,1929,train
sample_001829,Đảo Lý Sơn,1829,train
sample_001872,Đảo Lý Sơn,1872,train
sample_001936,Đảo Lý Sơn,1936,train
sample_001879,Đảo Lý Sơn,1879,train
sample_001949,Đảo Lý Sơn,1949,train
sample_001827,Đảo Lý Sơn,1827,train
sample_001862,Đảo Lý Sơn,1862,train
sample_001880,Đảo Lý Sơn,1880,train
sample_001923,Đảo Lý Sơn,1923,train
sample_001823,Đảo Lý Sơn,1823,train
sample_001863,Đảo Lý Sơn,1863,train
sample_001920,Đảo Lý Sơn,1920,train
sample_001844,Đảo Lý Sơn,1844,train
sample_001956,Đảo Lý Sơn,1956,train
sample_001931,Đảo Lý Sơn,1931,train
sample_001817,Đảo Lý Sơn,1817,train
sample_001821,Đảo Lý Sơn,1821,train
sample_001959,Đảo Lý Sơn,1959,train
sample_001851,Đảo Lý Sơn,1851,train
sample_001888,Đảo Lý Sơn,1888,train
sample_001978,Đền Hùng,1978,train
sample_002060,Đền Hùng,2060,train
sample_002087,Đền Hùng,2087,train
sample_001972,Đền Hùng,1972,train
sample_002001,Đền Hùng,2001,train
sample_001966,Đền Hùng,1966,train
sample_002081,Đền Hùng,2081,train
sample_002098,Đền Hùng,2098,train
sample_002012,Đền Hùng,2012,train
sample_002025,Đền Hùng,2025,train
sample_002008,Đền Hùng,2008,train
sample_002061,Đền Hùng,2061,train
sample_001980,Đền Hùng,1980,train
sample_001999,Đền Hùng,1999,train
sample_002080,Đền Hùng,2080,train
sample_002072,Đền Hùng,2072,train
sample_001963,Đền Hùng,1963,train
sample_002058,Đền Hùng,2058,train
sample_002084,Đền Hùng,2084,train
sample_002028,Đền Hùng,2028,train
sample_002027,Đền Hùng,2027,train
sample_002049,Đền Hùng,2049,train
sample_002086,Đền Hùng,2086,train
sample_002103,Đền Hùng,2103,train
sample_002030,Đền Hùng,2030,train
sample_002071,Đền Hùng,2071,train
sample_002070,Đền Hùng,2070,train
sample_002038,Đền Hùng,2038,train
sample_002019,Đền Hùng,2019,train
sample_001986,Đền Hùng,1986,train
sample_002041,Đền Hùng,2041,train
sample_001969,Đền Hùng,1969,train
sample_002110,Đền Hùng,2110,train
sample_002114,Đền Hùng,2114,train
sample_002117,Đền Hùng,2117,train
sample_002100,Đền Hùng,2100,train
sample_001990,Đền Hùng,1990,train
sample_002015,Đền Hùng,2015,train
sample_002105,Đền Hùng,2105,train
sample_002031,Đền Hùng,2031,train
sample_002053,Đền Hùng,2053,train
sample_002097,Đền Hùng,2097,train
sample_002102,Đền Hùng,2102,train
sample_001975,Đền Hùng,1975,train
sample_002002,Đền Hùng,2002,train
sample_002032,Đền Hùng,2032,train
sample_002036,Đền Hùng,2036,train
sample_002066,Đền Hùng,2066,train
sample_002048,Đền Hùng,2048,train
sample_002016,Đền Hùng,2016,train
sample_002052,Đền Hùng,2052,train
sample_002042,Đền Hùng,2042,train
sample_001965,Đền Hùng,1965,train
sample_002115,Đền Hùng,2115,train
sample_002079,Đền Hùng,2079,train
sample_001968,Đền Hùng,1968,train
sample_002034,Đền Hùng,2034,train
sample_001970,Đền Hùng,1970,train
sample_001981,Đền Hùng,1981,train
sample_001967,Đền Hùng,1967,train
sample_002039,Đền Hùng,2039,train
sample_002045,Đền Hùng,2045,train
sample_002093,Đền Hùng,2093,train
sample_002078,Đền Hùng,2078,train
sample_002077,Đền Hùng,2077,train
sample_002003,Đền Hùng,2003,train
sample_002095,Đền Hùng,2095,train
sample_002056,Đền Hùng,2056,train
sample_001989,Đền Hùng,1989,train
sample_002033,Đền Hùng,2033,train
sample_001964,Đền Hùng,1964,train
sample_002004,Đền Hùng,2004,train
sample_002040,Đền Hùng,2040,train
sample_002050,Đền Hùng,2050,train
sample_001994,Đền Hùng,1994,train
sample_002075,Đền Hùng,2075,train
sample_002069,Đền Hùng,2069,train
sample_002101,Đền Hùng,2101,train
sample_002035,Đền Hùng,2035,train
sample_002082,Đền Hùng,2082,train
sample_002116,Đền Hùng,2116,train
sample_002017,Đền Hùng,2017,train
sample_001991,Đền Hùng,1991,train
sample_002010,Đền Hùng,2010,train
sample_002111,Đền Hùng,2111,train
sample_001979,Đền Hùng,1979,train
sample_002108,Đền Hùng,2108,train
sample_002096,Đền Hùng,2096,train
sample_001992,Đền Hùng,1992,train
sample_002026,Đền Hùng,2026,train
sample_002090,Đền Hùng,2090,train
sample_001961,Đền Hùng,1961,train
sample_001960,Đền Hùng,1960,train
sample_001987,Đền Hùng,1987,train
sample_002000,Đền Hùng,2000,train
sample_002005,Đền Hùng,2005,train
sample_002011,Đền Hùng,2011,train
sample_002074,Đền Hùng,2074,train
sample_002099,Đền Hùng,2099,train
sample_002013,Đền Hùng,2013,train
sample_002088,Đền Hùng,2088,train
sample_002089,Đền Hùng,2089,train
sample_002063,Đền Hùng,2063,train
sample_002112,Đền Hùng,2112,train
sample_002021,Đền Hùng,2021,train
sample_002006,Đền Hùng,2006,train
sample_001976,Đền Hùng,1976,train
sample_002057,Đền Hùng,2057,train
sample_002055,Đền Hùng,2055,train
sample_002118,Đền Hùng,2118,train
sample_002059,Đền Hùng,2059,train
sample_002721,Đỉnh Phanxipăng,2721,train
sample_002681,Đỉnh Phanxipăng,2681,train
sample_002584,Đỉnh Phanxipăng,2584,train
sample_002622,Đỉnh Phanxipăng,2622,train
sample_002606,Đỉnh Phanxipăng,2606,train
sample_002644,Đỉnh Phanxipăng,2644,train
sample_002711,Đỉnh Phanxipăng,2711,train
sample_002715,Đỉnh Phanxipăng,2715,train
sample_002679,Đỉnh Phanxipăng,2679,train
sample_002706,Đỉnh Phanxipăng,2706,train
sample_002570,Đỉnh Phanxipăng,2570,train
sample_002603,Đỉnh Phanxipăng,2603,train
sample_002592,Đỉnh Phanxipăng,2592,train
sample_002626,Đỉnh Phanxipăng,2626,train
sample_002709,Đỉnh Phanxipăng,2709,train
sample_002738,Đỉnh Phanxipăng,2738,train
sample_002716,Đỉnh Phanxipăng,2716,train
sample_002627,Đỉnh Phanxipăng,2627,train
sample_002676,Đỉnh Phanxipăng,2676,train
sample_002739,Đỉnh Phanxipăng,2739,train
sample_002610,Đỉnh Phanxipăng,2610,train
sample_002703,Đỉnh Phanxipăng,2703,train
sample_002560,Đỉnh Phanxipăng,2560,train
sample_002682,Đỉnh Phanxipăng,2682,train
sample_002598,Đỉnh Phanxipăng,2598,train
sample_002629,Đỉnh Phanxipăng,2629,train
sample_002659,Đỉnh Phanxipăng,2659,train
sample_002628,Đỉnh Phanxipăng,2628,train
sample_002740,Đỉnh Phanxipăng,2740,train
sample_002724,Đỉnh Phanxipăng,2724,train
sample_002680,Đỉnh Phanxipăng,2680,train
sample_002580,Đỉnh Phanxipăng,2580,train
sample_002674,Đỉnh Phanxipăng,2674,train
sample_002683,Đỉnh Phanxipăng,2683,train
sample_002672,Đỉnh Phanxipăng,2672,train
sample_002576,Đỉnh Phanxipăng,2576,train
sample_002600,Đỉnh Phanxipăng,2600,train
sample_002585,Đỉnh Phanxipăng,2585,train
sample_002695,Đỉnh Phanxipăng,2695,train
sample_002718,Đỉnh Phanxipăng,2718,train
sample_002639,Đỉnh Phanxipăng,2639,train
sample_002698,Đỉnh Phanxipăng,2698,train
sample_002749,Đỉnh Phanxipăng,2749,train
sample_002661,Đỉnh Phanxipăng,2661,train
sample_002638,Đỉnh Phanxipăng,2638,train
sample_002748,Đỉnh Phanxipăng,2748,train
sample_002648,Đỉnh Phanxipăng,2648,train
sample_002569,Đỉnh Phanxipăng,2569,train
sample_002713,Đỉnh Phanxipăng,2713,train
sample_002562,Đỉnh Phanxipăng,2562,train
sample_002642,Đỉnh Phanxipăng,2642,train
sample_002645,Đỉnh Phanxipăng,2645,train
sample_002609,Đỉnh Phanxipăng,2609,train
sample_002736,Đỉnh Phanxipăng,2736,train
sample_002723,Đỉnh Phanxipăng,2723,train
sample_002620,Đỉnh Phanxipăng,2620,train
sample_002571,Đỉnh Phanxipăng,2571,train
sample_002678,Đỉnh Phanxipăng,2678,train
sample_002636,Đỉnh Phanxipăng,2636,train
sample_002583,Đỉnh Phanxipăng,2583,train
sample_002631,Đỉnh Phanxipăng,2631,train
sample_002689,Đỉnh Phanxipăng,2689,train
sample_002665,Đỉnh Phanxipăng,2665,train
sample_002730,Đỉnh Phanxipăng,2730,train
sample_002588,Đỉnh Phanxipăng,2588,train
sample_002722,Đỉnh Phanxipăng,2722,train
sample_002589,Đỉnh Phanxipăng,2589,train
sample_002720,Đỉnh Phanxipăng,2720,train
sample_002579,Đỉnh Phanxipăng,2579,train
sample_002701,Đỉnh Phanxipăng,2701,train
sample_002666,Đỉnh Phanxipăng,2666,train
sample_002650,Đỉnh Phanxipăng,2650,train
sample_002597,Đỉnh Phanxipăng,2597,train
sample_002692,Đỉnh Phanxipăng,2692,train
sample_002702,Đỉnh Phanxipăng,2702,train
sample_002635,Đỉnh Phanxipăng,2635,train
sample_002572,Đỉnh Phanxipăng,2572,train
sample_002687,Đỉnh Phanxipăng,2687,train
sample_002573,Đỉnh Phanxipăng,2573,train
sample_002619,Đỉnh Phanxipăng,2619,train
sample_002710,Đỉnh Phanxipăng,2710,train
sample_002729,Đỉnh Phanxipăng,2729,train
sample_002699,Đỉnh Phanxipăng,2699,train
sample_002746,Đỉnh Phanxipăng,2746,train
sample_002632,Đỉnh Phanxipăng,2632,train
sample_002575,Đỉnh Phanxipăng,2575,train
sample_002565,Đỉnh Phanxipăng,2565,train
sample_002669,Đỉnh Phanxipăng,2669,train
sample_002653,Đỉnh Phanxipăng,2653,train
sample_002577,Đỉnh Phanxipăng,2577,train
sample_002640,Đỉnh Phanxipăng,2640,train
sample_002733,Đỉnh Phanxipăng,2733,train
sample_002671,Đỉnh Phanxipăng,2671,train
sample_002737,Đỉnh Phanxipăng,2737,train
sample_002556,Đỉnh Phanxipăng,2556,train
sample_002586,Đỉnh Phanxipăng,2586,train
sample_002607,Đỉnh Phanxipăng,2607,train
sample_002655,Đỉnh Phanxipăng,2655,train
sample_002685,Đỉnh Phanxipăng,2685,train
sample_002667,Đỉnh Phanxipăng,2667,train
sample_002693,Đỉnh Phanxipăng,2693,train
sample_002732,Đỉnh Phanxipăng,2732,train
sample_002591,Đỉnh Phanxipăng,2591,train
sample_002581,Đỉnh Phanxipăng,2581,train
sample_002601,Đỉnh Phanxipăng,2601,train
sample_002708,Đỉnh Phanxipăng,2708,train
sample_002630,Đỉnh Phanxipăng,2630,train
sample_002602,Đỉnh Phanxipăng,2602,train
sample_002561,Đỉnh Phanxipăng,2561,train
sample_002564,Đỉnh Phanxipăng,2564,train
sample_002719,Đỉnh Phanxipăng,2719,train
sample_002696,Đỉnh Phanxipăng,2696,train
sample_002662,Đỉnh Phanxipăng,2662,train
sample_002675,Đỉnh Phanxipăng,2675,train
sample_002605,Đỉnh Phanxipăng,2605,train
sample_002741,Đỉnh Phanxipăng,2741,train
sample_002743,Đỉnh Phanxipăng,2743,train
sample_002634,Đỉnh Phanxipăng,2634,train
sample_002684,Đỉnh Phanxipăng,2684,train
sample_002652,Đỉnh Phanxipăng,2652,train
sample_002637,Đỉnh Phanxipăng,2637,train
sample_002688,Đỉnh Phanxipăng,2688,train
sample_002643,Đỉnh Phanxipăng,2643,train
sample_002594,Đỉnh Phanxipăng,2594,train
sample_002593,Đỉnh Phanxipăng,2593,train
sample_002596,Đỉnh Phanxipăng,2596,train
sample_002704,Đỉnh Phanxipăng,2704,train
sample_002728,Đỉnh Phanxipăng,2728,train
sample_002590,Đỉnh Phanxipăng,2590,train
sample_002624,Đỉnh Phanxipăng,2624,train
sample_002614,Đỉnh Phanxipăng,2614,train
sample_002734,Đỉnh Phanxipăng,2734,train
sample_002578,Đỉnh Phanxipăng,2578,train
sample_002705,Đỉnh Phanxipăng,2705,train
sample_002621,Đỉnh Phanxipăng,2621,train
sample_002717,Đỉnh Phanxipăng,2717,train
sample_002747,Đỉnh Phanxipăng,2747,train
sample_002320,Địa Đạo Củ Chi,2320,train
sample_002388,Địa Đạo Củ Chi,2388,train
sample_002367,Địa Đạo Củ Chi,2367,train
sample_002293,Địa Đạo Củ Chi,2293,train
sample_002354,Địa Đạo Củ Chi,2354,train
sample_002271,Địa Đạo Củ Chi,2271,train
sample_002375,Địa Đạo Củ Chi,2375,train
sample_002378,Địa Đạo Củ Chi,2378,train
sample_002383,Địa Đạo Củ Chi,2383,train
sample_002374,Địa Đạo Củ Chi,2374,train
sample_002278,Địa Đạo Củ Chi,2278,train
sample_002270,Địa Đạo Củ Chi,2270,train
sample_002314,Địa Đạo Củ Chi,2314,train
sample_002274,Địa Đạo Củ Chi,2274,train
sample_002295,Địa Đạo Củ Chi,2295,train
sample_002401,Địa Đạo Củ Chi,2401,train
sample_002309,Địa Đạo Củ Chi,2309,train
sample_002357,Địa Đạo Củ Chi,2357,train
sample_002290,Địa Đạo Củ Chi,2290,train
sample_002347,Địa Đạo Củ Chi,2347,train
sample_002403,Địa Đạo Củ Chi,2403,train
sample_002366,Địa Đạo Củ Chi,2366,train
sample_002397,Địa Đạo Củ Chi,2397,train
sample_002308,Địa Đạo Củ Chi,2308,train
sample_002266,Địa Đạo Củ Chi,2266,train
sample_002396,Địa Đạo Củ Chi,2396,train
sample_002331,Địa Đạo Củ Chi,2331,train
sample_002364,Địa Đạo Củ Chi,2364,train
sample_002337,Địa Đạo Củ Chi,2337,train
sample_002282,Địa Đạo Củ Chi,2282,train
sample_002263,Địa Đạo Củ Chi,2263,train
sample_002371,Địa Đạo Củ Chi,2371,train
sample_002369,Địa Đạo Củ Chi,2369,train
sample_002326,Địa Đạo Củ Chi,2326,train
sample_002259,Địa Đạo Củ Chi,2259,train
sample_002346,Địa Đạo Củ Chi,2346,train
sample_002316,Địa Đạo Củ Chi,2316,train
sample_002406,Địa Đạo Củ Chi,2406,train
sample_002275,Địa Đạo Củ Chi,2275,train
sample_002327,Địa Đạo Củ Chi,2327,train
sample_002280,Địa Đạo Củ Chi,2280,train
sample_002361,Địa Đạo Củ Chi,2361,train
sample_002335,Địa Đạo Củ Chi,2335,train
sample_002339,Địa Đạo Củ Chi,2339,train
sample_002373,Địa Đạo Củ Chi,2373,train
sample_002298,Địa Đạo Củ Chi,2298,train
sample_002393,Địa Đạo Củ Chi,2393,train
sample_002358,Địa Đạo Củ Chi,2358,train
sample_002402,Địa Đạo Củ Chi,2402,train
sample_002372,Địa Đạo Củ Chi,2372,train
sample_002359,Địa Đạo Củ Chi,2359,train
sample_002324,Địa Đạo Củ Chi,2324,train
sample_002301,Địa Đạo Củ Chi,2301,train
sample_002399,Địa Đạo Củ Chi,2399,train
sample_002394,Địa Đạo Củ Chi,2394,train
sample_002287,Địa Đạo Củ Chi,2287,train
sample_002376,Địa Đạo Củ Chi,2376,train
sample_002380,Địa Đạo Củ Chi,2380,train
sample_002294,Địa Đạo Củ Chi,2294,train
sample_002313,Địa Đạo Củ Chi,2313,train
sample_002368,Địa Đạo Củ Chi,2368,train
sample_002392,Địa Đạo Củ Chi,2392,train
sample_002356,Địa Đạo Củ Chi,2356,train
sample_002336,Địa Đạo Củ Chi,2336,train
sample_002325,Địa Đạo Củ Chi,2325,train
sample_002277,Địa Đạo Củ Chi,2277,train
sample_002349,Địa Đạo Củ Chi,2349,train
sample_002272,Địa Đạo Củ Chi,2272,train
sample_002304,Địa Đạo Củ Chi,2304,train
sample_002330,Địa Đạo Củ Chi,2330,train
sample_002311,Địa Đạo Củ Chi,2311,train
sample_002342,Địa Đạo Củ Chi,2342,train
sample_002319,Địa Đạo Củ Chi,2319,train
sample_002387,Địa Đạo Củ Chi,2387,train
sample_002355,Địa Đạo Củ Chi,2355,train
sample_002264,Địa Đạo Củ Chi,2264,train
sample_002344,Địa Đạo Củ Chi,2344,train
sample_002306,Địa Đạo Củ Chi,2306,train
sample_002384,Địa Đạo Củ Chi,2384,train
sample_002318,Địa Đạo Củ Chi,2318,train
sample_002262,Địa Đạo Củ Chi,2262,train
sample_002303,Địa Đạo Củ Chi,2303,train
sample_002390,Địa Đạo Củ Chi,2390,train
sample_002353,Địa Đạo Củ Chi,2353,train
sample_002302,Địa Đạo Củ Chi,2302,train
sample_002284,Địa Đạo Củ Chi,2284,train
sample_002261,Địa Đạo Củ Chi,2261,train
sample_002267,Địa Đạo Củ Chi,2267,train
sample_002285,Địa Đạo Củ Chi,2285,train
sample_002370,Địa Đạo Củ Chi,2370,train
sample_002329,Địa Đạo Củ Chi,2329,train
sample_002363,Địa Đạo Củ Chi,2363,train
sample_002351,Địa Đạo Củ Chi,2351,train
sample_002407,Địa Đạo Củ Chi,2407,train
sample_002315,Địa Đạo Củ Chi,2315,train
sample_002360,Địa Đạo Củ Chi,2360,train
sample_002391,Địa Đạo Củ Chi,2391,train
sample_002286,Địa Đạo Củ Chi,2286,train
sample_002322,Địa Đạo Củ Chi,2322,train
sample_002341,Địa Đạo Củ Chi,2341,train
sample_002269,Địa Đạo Củ Chi,2269,train
sample_002409,Địa Đạo Củ Chi,2409,train
sample_002385,Địa Đạo Củ Chi,2385,train
sample_002317,Địa Đạo Củ Chi,2317,train
sample_002288,Địa Đạo Củ Chi,2288,train
sample_002268,Địa Đạo Củ Chi,2268,train
sample_002273,Địa Đạo Củ Chi,2273,train
sample_002265,Địa Đạo Củ Chi,2265,train
sample_002825,Đồi Cát Bay Mũi Né,2825,train
sample_002817,Đồi Cát Bay Mũi Né,2817,train
sample_002824,Đồi Cát Bay Mũi Né,2824,train
sample_002895,Đồi Cát Bay Mũi Né,2895,train
sample_002889,Đồi Cát Bay Mũi Né,2889,train
sample_002906,Đồi Cát Bay Mũi Né,2906,train
sample_002814,Đồi Cát Bay Mũi Né,2814,train
sample_002770,Đồi Cát Bay Mũi Né,2770,train
sample_002876,Đồi Cát Bay Mũi Né,2876,train
sample_002950,Đồi Cát Bay Mũi Né,2950,train
sample_002844,Đồi Cát Bay Mũi Né,2844,train
sample_002775,Đồi Cát Bay Mũi Né,2775,train
sample_002826,Đồi Cát Bay Mũi Né,2826,train
sample_002874,Đồi Cát Bay Mũi Né,2874,train
sample_002767,Đồi Cát Bay Mũi Né,2767,train
sample_002849,Đồi Cát Bay Mũi Né,2849,train
sample_002933,Đồi Cát Bay Mũi Né,2933,train
sample_002830,Đồi Cát Bay Mũi Né,2830,train
sample_002813,Đồi Cát Bay Mũi Né,2813,train
sample_002752,Đồi Cát Bay Mũi Né,2752,train
sample_002885,Đồi Cát Bay Mũi Né,2885,train
sample_002802,Đồi Cát Bay Mũi Né,2802,train
sample_002936,Đồi Cát Bay Mũi Né,2936,train
sample_002911,Đồi Cát Bay Mũi Né,2911,train
sample_002865,Đồi Cát Bay Mũi Né,2865,train
sample_002833,Đồi Cát Bay Mũi Né,2833,train
sample_002832,Đồi Cát Bay Mũi Né,2832,train
sample_002860,Đồi Cát Bay Mũi Né,2860,train
sample_002794,Đồi Cát Bay Mũi Né,2794,train
sample_002812,Đồi Cát Bay Mũi Né,2812,train
sample_002751,Đồi Cát Bay Mũi Né,2751,train
sample_002944,Đồi Cát Bay Mũi Né,2944,train
sample_002907,Đồi Cát Bay Mũi Né,2907,train
sample_002920,Đồi Cát Bay Mũi Né,2920,train
sample_002918,Đồi Cát Bay Mũi Né,2918,train
sample_002778,Đồi Cát Bay Mũi Né,2778,train
sample_002754,Đồi Cát Bay Mũi Né,2754,train
sample_002793,Đồi Cát Bay Mũi Né,2793,train
sample_002888,Đồi Cát Bay Mũi Né,2888,train
sample_002789,Đồi Cát Bay Mũi Né,2789,train
sample_002815,Đồi Cát Bay Mũi Né,2815,train
sample_002942,Đồi Cát Bay Mũi Né,2942,train
sample_002791,Đồi Cát Bay Mũi Né,2791,train
sample_002924,Đồi Cát Bay Mũi Né,2924,train
sample_002946,Đồi Cát Bay Mũi Né,2946,train
sample_002881,Đồi Cát Bay Mũi Né,2881,train
sample_002797,Đồi Cát Bay Mũi Né,2797,train
sample_002880,Đồi Cát Bay Mũi Né,2880,train
sample_002857,Đồi Cát Bay Mũi Né,2857,train
sample_002927,Đồi Cát Bay Mũi Né,2927,train
sample_002816,Đồi Cát Bay Mũi Né,2816,train
sample_002760,Đồi Cát Bay Mũi Né,2760,train
sample_002901,Đồi Cát Bay Mũi Né,2901,train
sample_002897,Đồi Cát Bay Mũi Né,2897,train
sample_002855,Đồi Cát Bay Mũi Né,2855,train
sample_002841,Đồi Cát Bay Mũi Né,2841,train
sample_002762,Đồi Cát Bay Mũi Né,2762,train
sample_002891,Đồi Cát Bay Mũi Né,2891,train
sample_002786,Đồi Cát Bay Mũi Né,2786,train
sample_002929,Đồi Cát Bay Mũi Né,2929,train
sample_002777,Đồi Cát Bay Mũi Né,2777,train
sample_002798,Đồi Cát Bay Mũi Né,2798,train
sample_002875,Đồi Cát Bay Mũi Né,2875,train
sample_002925,Đồi Cát Bay Mũi Né,2925,train
sample_002900,Đồi Cát Bay Mũi Né,2900,train
sample_002779,Đồi Cát Bay Mũi Né,2779,train
sample_002851,Đồi Cát Bay Mũi Né,2851,train
sample_002796,Đồi Cát Bay Mũi Né,2796,train
sample_002766,Đồi Cát Bay Mũi Né,2766,train
sample_002757,Đồi Cát Bay Mũi Né,2757,train
sample_002890,Đồi Cát Bay Mũi Né,2890,train
sample_002917,Đồi Cát Bay Mũi Né,2917,train
sample_002809,Đồi Cát Bay Mũi Né,2809,train
sample_002922,Đồi Cát Bay Mũi Né,2922,train
sample_002834,Đồi Cát Bay Mũi Né,2834,train
sample_002827,Đồi Cát Bay Mũi Né,2827,train
sample_002869,Đồi Cát Bay Mũi Né,2869,train
sample_002810,Đồi Cát Bay Mũi Né,2810,train
sample_002764,Đồi Cát Bay Mũi Né,2764,train
sample_002935,Đồi Cát Bay Mũi Né,2935,train
sample_002852,Đồi Cát Bay Mũi Né,2852,train
sample_002873,Đồi Cát Bay Mũi Né,2873,train
sample_002932,Đồi Cát Bay Mũi Né,2932,train
sample_002862,Đồi Cát Bay Mũi Né,2862,train
sample_002945,Đồi Cát Bay Mũi Né,2945,train
sample_002788,Đồi Cát Bay Mũi Né,2788,train
sample_002773,Đồi Cát Bay Mũi Né,2773,train
sample_002756,Đồi Cát Bay Mũi Né,2756,train
sample_002916,Đồi Cát Bay Mũi Né,2916,train
sample_002822,Đồi Cát Bay Mũi Né,2822,train
sample_002949,Đồi Cát Bay Mũi Né,2949,train
sample_002912,Đồi Cát Bay Mũi Né,2912,train
sample_002765,Đồi Cát Bay Mũi Né,2765,train
sample_002801,Đồi Cát Bay Mũi Né,2801,train
sample_002910,Đồi Cát Bay Mũi Né,2910,train
sample_002913,Đồi Cát Bay Mũi Né,2913,train
sample_002868,Đồi Cát Bay Mũi Né,2868,train
sample_002893,Đồi Cát Bay Mũi Né,2893,train
sample_002948,Đồi Cát Bay Mũi Né,2948,train
sample_002806,Đồi Cát Bay Mũi Né,2806,train
sample_002859,Đồi Cát Bay Mũi Né,2859,train
sample_002877,Đồi Cát Bay Mũi Né,2877,train
sample_002884,Đồi Cát Bay Mũi Né,2884,train
sample_002785,Đồi Cát Bay Mũi Né,2785,train
sample_002845,Đồi Cát Bay Mũi Né,2845,train
sample_002867,Đồi Cát Bay Mũi Né,2867,train
sample_002835,Đồi Cát Bay Mũi Né,2835,train
sample_002803,Đồi Cát Bay Mũi Né,2803,train
sample_002847,Đồi Cát Bay Mũi Né,2847,train
sample_002870,Đồi Cát Bay Mũi Né,2870,train
sample_002804,Đồi Cát Bay Mũi Né,2804,train
sample_002903,Đồi Cát Bay Mũi Né,2903,train
sample_002842,Đồi Cát Bay Mũi Né,2842,train
sample_002882,Đồi Cát Bay Mũi Né,2882,train
sample_002854,Đồi Cát Bay Mũi Né,2854,train
sample_002928,Đồi Cát Bay Mũi Né,2928,train
sample_002781,Đồi Cát Bay Mũi Né,2781,train
sample_002811,Đồi Cát Bay Mũi Né,2811,train
sample_002782,Đồi Cát Bay Mũi Né,2782,train
sample_002904,Đồi Cát Bay Mũi Né,2904,train
sample_002898,Đồi Cát Bay Mũi Né,2898,train
sample_002853,Đồi Cát Bay Mũi Né,2853,train
sample_002784,Đồi Cát Bay Mũi Né,2784,train
sample_002858,Đồi Cát Bay Mũi Né,2858,train
sample_002783,Đồi Cát Bay Mũi Né,2783,train
sample_002771,Đồi Cát Bay Mũi Né,2771,train
sample_002774,Đồi Cát Bay Mũi Né,2774,train
sample_002787,Đồi Cát Bay Mũi Né,2787,train
sample_002914,Đồi Cát Bay Mũi Né,2914,train
sample_002941,Đồi Cát Bay Mũi Né,2941,train
sample_002828,Đồi Cát Bay Mũi Né,2828,train
sample_002829,Đồi Cát Bay Mũi Né,2829,train
sample_002759,Đồi Cát Bay Mũi Né,2759,train
sample_002819,Đồi Cát Bay Mũi Né,2819,train
sample_002848,Đồi Cát Bay Mũi Né,2848,train
sample_002915,Đồi Cát Bay Mũi Né,2915,train
sample_002769,Đồi Cát Bay Mũi Né,2769,train
sample_002902,Đồi Cát Bay Mũi Né,2902,train
sample_002940,Đồi Cát Bay Mũi Né,2940,train
sample_002792,Đồi Cát Bay Mũi Né,2792,train
